Կարգին մարդ ,titles,links,Շատ տարածված արտահայտություն,Տեքստ,Հիմնական դերասաններ,հիմնական դերասանների քանակ,Դերերի անուններ,Վայր,Լուսավորվածություն,Լեզուներ,Արված է,,Ստուգված է
HaykTarkhanyan,Kargin Haghordum sketch 401 (Hayko Mko),https://www.youtube.com/watch?v=2311QdBFp4o&list=PLDDuEZQEC_uAuSrUXsFVBLNkPQY3BHzLQ&index=2&t=0s,,Աայ; Գագ ջան այ տենց դանդաղ; Գագ ջան մի քիչ դանդաղ էլի Գագ; վաայ Գագ; Վարդ միքիչ արագ արա էլի Վարդ ջան; թողնել լսի հրամանս; 1 2 1 2,"Մկո, ոստիկան",1,Գագ,Տուն,լուսավոր,հայերեն,TRUE,FALSE,FALSE
HaykTarkhanyan,Kargin Haghordum sketch 402 (Hayko Mko),https://www.youtube.com/watch?v=4SBSBGc4dcc&list=PLDDuEZQEC_uAuSrUXsFVBLNkPQY3BHzLQ&index=3&t=0s,սպասի ազիզ ջան հլը մի հաշվի էս էլի ես եմ,"Աաաախ; ուրեմն նաի ազիզ ջան հեսա էդ պատուհանից լիքը անդուր ձյայձյաներ են դուրս թռնելու դու պռոստը էտե նստի ու հաշվի; իլյավ, նստի ու հաշվի; 1; սպասի ազիզ ջան հլը մի հաշվի ես էլի ես եմ","Մկո, փոքր երեխա",2,Ոչ մի,Տուն,լուսավոր,հայերեն,TRUE,FALSE,FALSE
HaykTarkhanyan,Kargin Haghordum sketch 403 (Hayko Mko),https://www.youtube.com/watch?v=pi2au8rx0XQ&list=PLDDuEZQEC_uAuSrUXsFVBLNkPQY3BHzLQ&index=4&t=0s,,ահա վերջ գնաաց; էէհ; արա ես ինչ անձրև սկսեց սաղ կերած խմածներս հարամ արեց; դու մենակ գազ տուր գազ տուր ստեղից հելնենք; գնացինք; էս ովա արա ես ովա էս ուռոդը ինչ ես ուզում; ապե միհատ պապիրոս տաիք էլի; վեկալ լրիվ պաչկեն վեկալ քեզ; ոնց գազ տամ դեմներս բան չի երևում բա որ խփեմ ծառերին; ապե ստեղ ուղիղ ճամփայա ոչինչ մի 2 հատ ծառ կա բայց ոչինչ ուղիղ տեղա գազ տուր; քշում եմ ինչքան կարամ արագ եմ քշում; արա ես ոնց մեզ հասավ հլը բաց; ինչ ես ուզում արա հիմա ինչ ես ուզում; մի հատ զաժիգալկա էլ տաիք էլի; վեկալ արա; մերսի; բայց ոնցա էսի մեզ հասնում չեմ ջոգում; ախր 80ի վրա գնում ենք էսի ոնցա մեզ հասնում; արա էս ինչ վախենալու դեպքա էս ովա; կարողա էսի հոգի-մոգիյա; ինչա ինչա հիմա ինչ ես ուզում; ապեր պետքա օգնեմ բռդեմ ոնց-որ լռվել էք; գնա բռդի արա այ բոմժ,"Մկո, Հայկո, Մկո",3,Ոչ մի,Բնության գիրկ,լուսավոր հետո մութ,հայերեն,TRUE,FALSE,FALSE
HaykTarkhanyan,Kargin Haghordum sketch 419 (Hayko Mko),https://www.youtube.com/watch?v=YxcS2fTHrII&list=PLDDuEZQEC_uAuSrUXsFVBLNkPQY3BHzLQ&index=20&t=0s,Թու արա էլի մտքերով ընգա,Չէ Վարսիկ ջան էսօր չգնացի ասի մնամ տանը մի քիչ տները մաքրեմ; ուզում էիք գաիք լսի բայց Վաչոն էս ժամին դժվար թե տանը լինի է ախր; վայ էնքան ուշա գործը վերջացնում չես պատկերացնում; առավոտը 7ին գնումա գործի դե Փարաքյարումա շինարարության վրայա աշխատում գիշերվա 11ին նոր գործը վերջացնումա ջարդված քանդված գալիսա տուն; սկի չի կարում մի կտոր հաց ուտի ենքան հոգնածա պարկումա որ առավոտը 7ին նորից պետքա վազի ետ իրա գործին; վայ չես պատկերացնում ինչ հոգնած տանջվածա բա ենքանա նիհարել; գիտես էնքանա աշխատել լրիվ խելքը թռցրելա; ենքան ցրվածա դառել մի բան եմ խնդրում չէ որ տուն բերի մոռանումա; ոնց ման չի եկել գիտես ինչքանա ման եկել նորմալ գործ չկա; գիտես ինչքան քիչ փող են առաջարկում ավելի քիչ քանց ինքը էսօր աշխատումա;  հլը մի րոպե; Վաչիկ ես ինչ ես ստեղ անում; դու ես ժամին գործի չես; ես վեդրոներով ցեխը ինչի ես տուն բերել; թու կնիկ էլի մտքերով ընգա տղեքը ավալովկեն կախած ինձի են սպասում; որ ասում եմ գժվելա չես հավատում,"Հայկո, Մկո",2,Վաչիկ,Տուն,լուսավոր,հայերեն,TRUE,FALSE,FALSE
Nair_gh,Kargin Haghordum sketch 421 (Hayko Mko),https://www.youtube.com/watch?v=DvZ-qwJ9C0Y&list=PLDDuEZQEC_uAuSrUXsFVBLNkPQY3BHzLQ&index=22&t=0s,Ընչի հըմար,"Հիմա ի՞նչ, միտինգ են անու՞մ; Ուզածները ի՞նչ ա; Աշխատավարձի բարձրացու՞մ; Արա դե սպանին էլի դրանք, ամիսը չանցած աշխատավարձ են ուզում, աշխատավարձի օրը գալիս ա աշխատավարձի բարձրացում են ուզում, բայց սաղ ամիս ոշ մի բան չեն անում արա; Մի հատ էլ, որ գործ տաս, ասես էս գործը արա որ աշխատավարձդ բարձրացնեմ մի քիչ ավել փող տամ կմեռնի բայց չի անի է; Սաղ օրը մի հատ տեղ քթնի, պառկի իրա համար էնքան որ ոչ մի գործ չանի արա; Ը, սրա նման; Հլը սպասի էս ա զանգեմ; Ընգեր ջան, էդ ինչ ես անում; Իմ հըմար պառկած եմ;Էդ հավայի պառկելու տեղը վեր կաց էն հետևիդ պտղատու ծառերը ջրի մի իրեք ամսից բերք կտա, կտանես բազարը կծախես փող կունենաս; Ընչի հըմար; Ասում ա ընչի հըմար; Էդ փողը կվեկալեիր կողքիդ տարածքն էլ կառնեիր, տնկիները կտնկեիր, մյուս տարի ավելի շատ բերք կունենայիր, կտանեիր բազքրը կծախեիր ահագին մեծ կապիտալ կստեղծեիր; Ընչի հըմար; Էլի ասում ա ընչի հըմար; Էդ կապիտալդ կներդնեիր, էն հետևիդ տարածքը կառնեիր էլի ծառ կտնկեիր 2 հեկտար բերքատու հող կունենայիր պլյուս մի քիչ էլ փող կմնար տեխնիկա կառնեիր, որ էդ բերքը ավելի հեշտ ըլներ հավաքելը; Հա բայց ընչի հըմար;Նրա համար, որ բերքահավաքի տեմպերը մեծանա, կօգնեի մի հատ գործարան կդնես, էս բերքդ կկոխես էդ գործարան սոկ կանես, կամպոտ, վարոնի կանես, ջեմ կանես; Ընչի հըմար; Արա, նրա համար, որ ծառերդ ծաղկեն, գարծարանդ աշխատի, փողերդ կաթա, դու էլ քո համար ստե ծառի տակ պառկես ու ոշ մի բան չանես; Դե հիմա էլ իմ հըմար ծառի տակ պառկած եմ, բան չեմ անում;","Հայկո, Մկո",2,Ոչ մի,Ավտոմեքենա,լուսավոր,հայերեն,TRUE,FALSE,FALSE
Nair_gh,Kargin Haghordum sketch 422 (Hayko Mko),https://www.youtube.com/watch?v=ixUFJhp7iXQ&list=PLDDuEZQEC_uAuSrUXsFVBLNkPQY3BHzLQ&index=23&t=0s,"2 հատ որձ, 3 հատ էգը; 2-ը պիվի բակալի վրա էին նստած, 3-ը հեռախոսի;","Գնա էն յան նստեմ հլը;Ֆուււ;Ֆու; Արա մի հատ փոխի էլի էս կանալը, չգիտես որ ես կենդանիներից զզվում եմ արա; Իսկ դու չգիտես որ ես զզվում եմ, երբ կենդանու նման լակած տուն ես գալիս, էն օրը խոսք տվեցիր, որ կես տարի չես խմելու, նորից լակել էկել ես; Ոնց ես քեզ ասել եմ որ կես տարի չեմ խմելու ու ես իմ խոսքի տեր տղա եմ; Ոչ խոսքիդ տերը չես, մի օր դիմացար երկրորդ օրը խմած էլի էկար; Կարող ա քեզ ասել եմ կես տարի իրար հետևից չեմ խմելու; Ըհըը, ուրեմն տարվա մեջ մի օր խմելու եմ, մի օր չեմ խմելու; Ինչ ես անում; Ճանճ եմ սպանում; Տո դու էդ վիճակում ճանճ կարաս սպանոս, պառկի քնի; Ոնց 5 հատ սպանել եմ արդեն, 2 հատ որձ, 3 հատ էգ; Էդ ոնց ջոգեցիր դրանց էգն ու որձը; Ի 2ը պիվի բակալի վրա էին նստած, 3-ը հեռախոսի;","Հայկո, Մկո",2,Ոչ մի,Տուն,լուսավոր,հայերեն,TRUE,FALSE,FALSE
Nair_gh,Kargin Haghordum sketch 423 (Hayko Mko),https://www.youtube.com/watch?v=5hTfIoA547g&list=PLDDuEZQEC_uAuSrUXsFVBLNkPQY3BHzLQ&index=24&t=0s,"Ըլավ; Կլոուն; Հա լավ վախեցա, ես էլ գիտեմ նոր ա;","Добрый день, дорогие гости, я прветсвстую вашу русскей язичную группу из за Сенге; Зараню извеняюсь мой неправильный русский язык; Прашу за мной за;Մի ամսից ամուսնանում ենք;Էկել հասել ենք Ամստերդամ, եսիմ ուր ես ինձ բերե; Սրանից տխուր տեղ մեկ էլ մեր 3-րդ մասի հայաթն ա; Լավ, փիսո ջան, արի էսօր գնանք ձիսկատեկա, լավ պարենք, մի երկու բաժակ էլ խմենք, վերջում էլ մեզ նվիրենք կրքերին հը; Լավ բան ես ասում գիտես, բայց մենակ մի պայման, ով որ շուտ ա գալիս համար,դուռը չի փակում,լույսն էլ միացրած ա թողնում, որ մյուսը երբ էլ գա հանգիստ կարենա մտնի, ըլավ; Эта известная картина Вембранда; На ней изображена пустая улица Амстердама, где стоит солнечная, теплая погода; А картина называются,, Дураки,,; Հլը էս կլոունին հարցրա էդ դուռակները ուր են;А простите а где дураки;А дураки в это время сидят дом;
Следуете за мной;Էս ով էր էս տափակը; քել գնանք տենանք ընդեինչ կա էլի; Վաչ, գիտես էն օրը ինչ էի մտածում, մենք որ ամուսնացանք 3 հատ էրեխա ենք ունենալու; Բայց ինչ իմացար որ հենց 3; Դե հիմա էդ էրեխեքը մամայի տանն են ապրում, հենց ամուսնանաք բնականաբար կգան մեր տանը կապրեն;Բայց ինչի եմ ես դրա մասին իմանում էսաան ուշ;Բայց ինչ կապ ունի երբ;Oh my God! Что вы наделали; Это же королевская ваза 14-ого века; Ինչ ա ասում;Ասում ա էս ինչ արեցիք, էս 14-րդ դարի սափոր էր;Հա լավ, ես էլ վախեցա, գիտեմ նոր ա;Կլոուն;Քել գնացինք;","Հայկո, Մկո, գիտ",3,Վաչո,Այլ(գրեք ավելացնենք),լուսավոր,հայերեն+ռուսերեն,TRUE,FALSE,FALSE
Nair_gh,Kargin Haghordum sketch 424 (Hayko Mko),https://www.youtube.com/watch?v=hBNHfoPXyME&list=PLDDuEZQEC_uAuSrUXsFVBLNkPQY3BHzLQ&index=25&t=0s,"Ընգեր ;Սանիպիտ ախպեր; Չգիտեմ ախպեր, օրեկան 1000 դրամ տվել եմ իրան ինքը իրա համար ինչ ուզե առե կերել ա;","Էդ հարցը համարում ենք փագված, հա էլ չանհանգստացնեք էդ հարցով, էղավ, լավ, լավ; Խոզը քանիս ա; Ընգեր, 5000դրամ ա; Էսի հողի խոզ ա, Նազարվան; Իմ ձեռով պահել եմ, իմ ձեռով մեծացրել եմ, իմ ձեռով էլ կերակրել եմ; Բա խոզդ ինչով ես կերակրե; Ընկեր, ոշոմ, աշխարհի տակ ինչքան համով ուտելիք ես ճանաչում, դրանցով էս խոզին կերակրել եմ; Խոզի միս, Ասատրինա, շակալադ, բայց ամենակարևորը որն ա որ ամեն օր էս խոզին 1 կիլո սև իկրա եմ տվել; Մենակ էս 3 տարվա մեջ էս խոզին մի տոննա սև իկրա կերցրի; Սև իկրա հա ասում ես;Ազգային անվտանգություն; Ուրեմն պարոն մսավաճառ, երևի անցնենք վարչություն ձեզ մի երկու հատ հարց տանք, թե էդքան սև իկրա ձեզ որտեղից;Կանտրաբանդայի հոտ ա գալիս ստեղ; Էս ամեն ինչն էլ հավաքեք բերեք ձեր հետ, գնացինք; Ընգեր արի կլնի էս միսը վեկալ, էսի իմ կողմից նվեր, վարչություն ա բանա պետ չի էլի, լավ բաներ չենք լսում ընդեից; Ով ա; Աներս ա, ըսենց մարդ ա; Խոզի միսը ինչ արժի; Ընգեր դու բարի մարդ ես երևըմ քո համար 5000 դրամ;Ընգեր իմ պահած խոզն ա; Բա խոզդ ինչով ես կերակրել; Ինչով եմ կերակրեել; Ընգեր ինչ զիբիլ ասես տվել եմ կերել ա էս խոզը, զիբիլանոցներում ով ինչ շպրտում էր տալիս էի ուտըմ էր; Օգտագործած պամպերս, պագրիշկա, շպռից, էս վերջերս էլ Վեսլա մագնիտաֆոնս կերավ անասունը; Ուրեմն ես սանիպտիկայանից եմ, ձեր թվարկած ապրանքներով որ կերակրել եք էս խոզին, շատ հնարավոր ա որ ինքը վարակված լինի էնպես որ հավաքեք տանում ենք էքսպերտիզայի; Հավաքեք, արագացրեք;Սանեպիտ ախպեր արի կըլնի էս միսը վեկալ, էսի իմ կողմից նվեր էլի, միսը տանել պետ չի, սաղս էլ օջախ ենք ապահովում ցավդ տանեմ; Բարև ձեզ; Բարև ձեզ ընգեր; Խոզը ինչ արժի; Ընգեր 5000 դրամ ա, իմ պահած խոզն ա, դրա համար էլ էդքան ա; Բա խոզդ ինչով ես կերակրել ; Չգիտեմ ախպեր, օրեկան 1000 դրամ տվել եմ իրան, ինքը իրա համար ինչ ուզե առե կերել ա; Չգիտեմ ախպեր; Ինչ ա կերել, ինչ իմանամ;Ախպեր մենակ ինքը;Քյասար առնում ես առ, չես առնում մի առ, ինչ իմանամ ինչ ա կերել արա;","Հայկո, Մկո, Աշոտ Անդո",4,Ոչ մի,Այլ(գրեք ավելացնենք),լուսավոր,հայերեն,TRUE,FALSE,FALSE
Nair_gh,Kargin Haghordum sketch 425 (Hayko Mko),https://www.youtube.com/watch?v=fRUGy2n63JY&list=PLDDuEZQEC_uAuSrUXsFVBLNkPQY3BHzLQ&index=26&t=0s,"Էն գործ ա, իսկ սա կյանք;","Ընկեր Հովհաննիսյանյան կանչել էիք; Այո Արթուրիկ ջան արի նստի; Արթուրիկ ջան ու ես քո հետ շատ լուրջ թեմայի շուրջ էի ուզում խոսեի, ուրեմն քո մոտ բոլոր առարկաներից լավ գնահատական է, իսկ հայոց գրականությունը դու անտեսում ես; Ախր դու հասկացիր, յուրաքանչյուր հայ պետք է իմանա իր սեփական գրականությունը, որովհետև մեր գրականությունը տվել է այնպիսի մեծություններ, ինչպիսիք է ՆարեկացիՆարեկացին, Քուչակը, Թումանյանը, մենք օրինակ հիմա Քուչակ ենք ուսումնասիրում, ես կտամ քեզ իմ գիրքը, դու ուսմնասիրի, վաղը երեկոյան դասերից հետո կբերես մեր տուն, լավ; Հաջողություն ընկեր Հովհաննիսյան; Ընկեր Հովհաննիսյան; Իյա, Արթուրիկ ջան, ինչի համար ես էկել; Էկել եմ գիրքը վերադարձնեմ; Տուր; Ընկեր Հովհաննիսյան բա ասում էիք Նարեկացի, Քուչակ, Թումանյան, բա էս ձեր վիճակը ինչ ա; Արթուրիկ ջան էն գործ ա, իսկ սա կյանք;","Մկո, փոքր երեխա",2,"Արթուրիկ, ընկեր Հովհաննիսյան",Այլ(գրեք ավելացնենք),լուսավոր,հայերեն,TRUE,FALSE,FALSE
Nair_gh,Kargin Haghordum sketch 426 (Hayko Mko),https://www.youtube.com/watch?v=PxsWkmJXfZY&list=PLDDuEZQEC_uAuSrUXsFVBLNkPQY3BHzLQ&index=27&t=0s,"Արա էս ռեակտիվ եք, զանգը չտված դուռը բացում եք;","Չէ;Վավավավա;  (երգ Մեզ մոտ ուրախ խաղ ու ծիծաղ, մեր այս ուրախ տոնին արևն է ջերմ ժպտում;Դուք իմացեք ու միացեք, քանի ձեզ հետ է մեր շոուն;.Յո յո, այոո...) ; Ոնց որ զանգում են; Գնամ բացեմ; Արա էս ռեակտիվ եք, զանգը չտված դուռը բացում եք;","Մկո,Աշոտ, Հայկո",3,Ոչ մի,Տուն,լուսավոր,հայերեն,TRUE,FALSE,FALSE
Nair_gh,Kargin Haghordum sketch 427 (Hayko Mko),https://www.youtube.com/watch?v=gDUYrHF4s14&list=PLDDuEZQEC_uAuSrUXsFVBLNkPQY3BHzLQ&index=28&t=0s,"ախպեր ինձ տարեք հիվանդանոց էլի, տղեք ջան ինձ տարեք հիվանդանոց էլի; Ապե լավ երևի մեկից հարցնեմ, լսի հլը դու ստե ստոլբից բռնվի,  ես հեսա գալիս եմ, արա ստոլբ,  էս ես էլ եմ վատանում;, ապեր էս ծառաստոլբից բռնվի հեսա գալիս եմ; Մի անգամ էլ ինձ մորքուր ասիր մի րոպեից հաստատ ընդե կլնես;","Ապեր էս ինչ լավն էր;Հա, ախպեր բոմբ էր, ով էր տվել որ; 3-րդ մասցի Տանկը; Ապե բայց լավ արինք է որ ստե էկանք; Ապե ստե ցենտր տեղ ա, մարդ չկա, տալդա, քո դվիժենին անում ես, վայելում ես ախպեր; Ախպեր հա լավ ա որ լավ տեղ ա, բայց  մի բան չեմ ջոգում, էսքան ստոլբա խի են կանգնցրե ստեղ ապեր; Ապե ուր ա ստե ստոլբա; Ոնց ախպեր, հեսա ընգեր, հենա ախպեր, հեն ա ապեր, մի բան չեմ ջոգում էս որ սենց բերել էս ստոլբեքը շարել են, ասա էն վերևի ֆանարները խի չեն դրե որ; Ապե էս կարող ա դու լավ չես; Ախպեր ես բեսամտ լավ եմ ընգեր; Բա ոչինչ որ էս սաղ ստոլբեք չի,  էսի սաղ ծառ ա; Ոնց ախպեր, հաստատ; Հարուր տոկոս; Ծառ, ախպեր ուրեմն ես բեսամտ վատ եմ, ախպեր ինձ տարեք հիվանդանոց էլի, տղեք ջան ինձ տարեք հիվանդանոց էլի; Ինչ տղեք այ ախպեր ջան, ես մենակով եմ դեմդ կանգնած; Մենակով ախպեր, ախպեր ուրեմն ես վապշե վատ եմ, արա տղեք ջան ինձ տար հիվանդանոց էլի ցավդ տանեմ; Ախպեր կտանենք, կտանենք սպասի հլը ստե իմանանք ուրդե ենք, ստե հիվանդանոց ուրդե կա; Ապե լավ երևի մեկից հարցնեմ, լսի հլը դու ստե ստոլբից բռնվի,  ես հեսա գալիս եմ, արա ստոլբ,  էս ես էլ եմ վատանում;, ապեր էս ծառաստոլբից բռնվի հեսա գալիս եմ; Մորքուր, մորքուր ջան,  արա չի լսում, մորքուր, չես լսում; Մորքուր, մորքուր ջան ստուց ոնց կարանք վռազ հասնենք հիվանդանոց; Մի անգամ էլ ինձ մորքուր ասիր մի րոպեից հաստատ ընդե կլնես;","Հայկո, Անդո, Մկո",3,Ոչ մի,Բնության գիրկ,լուսավոր,հայերեն,TRUE,FALSE,FALSE
anmkhitaryan,Kargin Haghordum sketch 441 (Hayko Mko),https://www.youtube.com/watch?v=mP36bTMUBUU&list=PLDDuEZQEC_uAuSrUXsFVBLNkPQY3BHzLQ&index=42&t=0s,Թռնելը թռնում ա բայց երեխա էլ կյանքում չի ունենա,"Ախպեր տեսաք էն բադին ոնց կրակի 100 մետրից նենց ցավացրի բադ ըլնեմ 3 կտոր եղավ; Բա էդ ա կրակելը երեկ պտի գայիր տենայիր ախպերդ ինչ կրակել ա կրակմ էն 100 տարվա հրացանս կար պապհորս չուլանը որ քցած ա մի հատ հարիֆ եկել էր ուզում էր առներ ախպերդ ընենց թիվ կրակեց ու հետաքրքիրը գիտես որն ա ախպեր կպավ ախպեր ծախի հրացանը; Ախպեր մենք ստեղ որսորդությունից ենք խոսում դու դալալությունից ես խոսում կամ էլ դու ինչ ես բադ եմ խփել տեսանք խփածդ բադի չափերը էտի աշխարհի ամենամեծ բադն էր էտի բադ չէր է էտի Աշխաբադ էր իմ փոքր տղեն իրա ջրի պիստալետով կկպներ էդ բադին այ խփելը դուք հիմա տեսեք էն լուցկու տուփը տենում եք; Հա; Տենմ ենք; Դե հիմա տեսեք խփելը որն ա; Իա մալաձյաձ; Խփելը տենց ա ըլնում, թե չէ բադ բադ; Ա հմի կրակեե լավ ախպեր էսա ես ձեզ ցույց կտամ կրակելը որն ա 10 դրամի մանր ունեք ախպեր; Չունենք; դե էսա կունենաք հլը էսի վեկալ գցի օդը; Մալաձյաձ два արա ձեր հետ հարելի ա սերիալ նկարել; Հալալ ա ախպեր; Կրակիք դե հիմա նայեք կրակելը ոնց ա ըլնմ մոծակի ձենը լսմ եք; Հա; Հա ինչ էլի թռնում ա; Թռնելը թռնում ա բայց երեխա էլ կյանքում չի ունենա","Հայկո, Մկո, Աշոտ",3,Որսորդներ,Բնության գիրկ,լուսավոր,հայերեն,TRUE,FALSE,FALSE
anmkhitaryan,Kargin Haghordum sketch 442 (Hayko Mko),https://www.youtube.com/watch?v=xVpyEOc0y_Y&list=PLDDuEZQEC_uAuSrUXsFVBLNkPQY3BHzLQ&index=43&t=0s,Սուրեն ես քո վրա զարմանում եմ եթե ուզում էիր մեկին սպանեիր էնա մնայիր հիվանդանոցում,Պրիվետ Արգամիչ ջան; Բարև Սուրեն; Ոնց անցավ հերթապահությունդ; Շատ լարված երկրորդ պալատի հիվանդի մոտ երիկամի պրիստուպ էր սկսվել; Երիկամը ինչ ա; Պոչկա Սուրեն; Հա պոչկա պոչկան շատ կարևոր օրգան ա պոչկան արյունն ա մաքրում как говорится почка санитар организма վերջը;  санитар организма վերջը էդ մարդուն հետազոտեցինք պարզվեց պոչկայի մեջ ահագին մեծ քար կա;  вот они что կտրեցիք գցեցիք չէ нафиг потому что պոչկայի մեջ քար это անբուժելի ա летальный исход; Բայց ինչի պիտի կտրեինք գցեինք լազերով մշակեցինք էդ քարը հիմա ավազի տեսքով մեզի հետ դուրս կգա; Ոնց մեր հիվանդանոցում լազեր կա; Արդեն 5 տարի ա Սուրեն; Հեհ ոնց ա թռնում ժամանակը չէ լազերը это однозначно ճիշտ ա թե չէ էդ կտրել գցելը շատ допотопный մեթոդ ա; Լավ Սուրեն արի էս մեր բժշկական թեմաները փակենք իզուր տեղը ինձ ներվայնացնում ես դու ավելի լավ ա ասա էն որսդ ոնց անցավ; Ա լավ էլի Արգամվիչ ջան էդ որսը լրիվ թարսություն էր առաջին օրը вышел кабана 3 ժամ ման եկա ման եկա հազիվ кабан գտա прицелился կրակեցի; Սպանեցիր; Տո չէ ցավդ տանեմ պարզվում ա հրացանի մեջ մոռացել քի պատրոն դնեի ասի լավ кабан-ը հեչ գնամ եղնիկի որսի 5 ժամ ման եկա ման եկա վերջը գտա մարալին прицелился արա մեկ էլ էդ պահին էս եղնիկը կնոջս հայացքով նայեց աչքերիս մեջ կրակեցի; հը սպանեցիր; տո չէ убежал стерве էլ չեմ ասում ոչ լոր ոչ ճագար դաժը մի հատ фазан չսպանեցի վոփշեմ էս 2 օրը իզուր անցավ պատկերացնում ես Արգամվիչ ոչ մեկին չսպանեցի; Սուրեն ես քո վրա զարմանում եմ եթե ուզում էիր մեկին սպանեիր էնա մնայիր հիվանդանոցում,"Հակյո, Մկո",2,"Սուրեն, Արգամվիչ",Հիվանդանոց,լուսավոր,հայերեն+ռուսերեն,TRUE,FALSE,FALSE
anmkhitaryan,Kargin Haghordum sketch 444 (Hayko Mko),https://www.youtube.com/watch?v=NIZVoe-eji8&list=PLDDuEZQEC_uAuSrUXsFVBLNkPQY3BHzLQ&index=45&t=0s,Շեֆ բա որ էդ պահին ձեռիդ տակ կեղտ չլնի; Ապեր արջը որ հելավ դեմդ կեղտը կլնի,Քանի որ բոլորս հավաքվել ենք ստեղ ենք սկսենք մեր էսօրվա պատվավոր ժողովը ինչպես գիտեք մեր կազմում կա ավելացում տղեք ջան ծանոթացեք Արման Արման ջան ծանոթացեք տղեք էսօր Արմանի համար շատ լավ պատասխանատու գեղեցիկ օր ա էսօր Արմանը դառնում ա մեր որսորդմիության անդամ Արման ջան էսի քեզ ախպեր խնդրեմ ուզում եմ ախպեր ջան քեզ ծանոթանաս մեր որսորդության առաջին օրենքի հետ խնդրեմ էս շաբաթ կիրակի էլ գնում ենք որսի էտի քո առաջին որսը կլնի գնում ենք արջի որսի ես անծայման ուզում եմ դու իմանաս էդ արջի որսի ամենավտանգավոր պահը էտի էն ա որ սենց արջը ռեսկի հելնեւմ ա դեմդ մոտիկ ինչ ես անում իրար չես խառնվում абсолютно կեղտը սենց վեկալում ես քսում ես արջի աչքերի մեջ արջը քյոռանում ա հանում ու գյուլում ես; Շեֆ բա որ էդ պահին ձեռիդ տակ կեղտ չլնի; Ապեր արջը որ հելավ դեմդ կեղտը կլնի վերջը շաբաթ իրը էթում ենք որսի համ էլ Արման ջան կնշենք քո որսորդ դառնալու պահը ու դրա համար առաջարկում եմ վեկալենք 3 շիշ արաղ; Ըտենց չի ըլնի շեֆ; Ընչի չի ըլնի որ; Դե որովհետև անցած անգամ 3 շիշ արաղ խմեցինք ջիպը չգտանք ու ոտով հետ եկանք; Հա դե լավ 2 շիշ կվեկալենք; Չէ շեֆ չեղավ; Ընչի չի ըլնի; Անցած շաբաթ գնացինք 2 շիշ արաղ տարանք 3 հատ հրացան կորցրինք; Հա ճիշտ ես ասում դե լավ հմի մի լիշ կվեկալենք; Շեֆ էդ էլ չի ըլնի չես հիշում 3 օր առաջ մի շիշ արաղ հետներս տարանք նապաստակների տեղը շներին գյուլլինք եկանք; Լավ սենց ենք անում տանմ ենք հետներս 4 շիշ արաղ; Ոնց 4 շիշ; Հա 4 բայց շներին չենք տանում հրացանները չենք վեկալում ջիպի մեջից դուրս չենք գալի;,"Մկո, Հայկո, Աշոտ",4,"Արման, որսորդներ",Այլ(գրեք ավելացնենք),լուսավոր,հայերեն,TRUE,FALSE,FALSE
anmkhitaryan,Kargin Haghordum sketch 459 (Hayko Mko),https://www.youtube.com/watch?v=a3yO4k2Z6Vw&list=PLDDuEZQEC_uAuSrUXsFVBLNkPQY3BHzLQ&index=60&t=0s,Արա էնքան խաղաց փչացրեց արա,Ապե էս ինչ լավն էր; Բա ընգեր ջան Հոկտեմբերյանից եմ առել ցավդ տանեմ; Ախպեր խոսկի Հոկտեմբերյան չէ էլի Արմավիր ա երևի ուզում ես ասես Արմավիրից ես առել;  ընգեր չէ հենց Հոկտեմբերյանից եմ առել էլի 10 տարի առաջ եմ առել ցավդ տանեմ ապեր էն կոստը ինչ ըլավ; Ինչ կոստ ապե; 1 ամիս առաջ եկար ասեցիր քեռիս մեռել ա թաղման հմար կոստ ա պետք տվի հետ չբերիր ապեր ջան; Բա ասի թաղման հմար ա քեռուս հենց էդ կոստոպ էլ թաղինք ապեր արա բայց ինչ մարդ էր իզուր էլ թաղինք ախպեր սուս ինձ բեսամբ կպցրեց ախ; Հակոբ բա որ ասում էի բոմբ ա չէր հավատում; Ձյաձյա կարամ ստեղ խաղամ ձյաձյա կարամ իրա հետ խաղամ; Խաղա ազիզ ջան պրոբլեմ չկա մեկ ա Հակոբ ձյան ստե չի; Լա լա լա լա լա պիբիպ; Մանե շուտ արի ստե; Արա էնքան խաղաց փչացրեց արա,,2,Հակոբ,Դուրս,լուսավոր,հայերեն,TRUE,FALSE,FALSE
anmkhitaryan,Kargin Haghordum sketch 460 (Hayko Mko),https://www.youtube.com/watch?v=5sXTp5UE-Vg&list=PLDDuEZQEC_uAuSrUXsFVBLNkPQY3BHzLQ&index=61&t=0s,Դե լավ ասենք թե արա արի արա վայ քո արա,Լսում եմ ձեզ; Ապեր աղը մոռացար; Կներե դա իմ մեղավորությունն է հեսա կբերեմ բայց մենք 2 տիպի աղաման ունենք դուք որը կնախնընտրեիք; Այսինքն ոնց 2 տիպի; Դե մեկը կոչվում է արա արի արա մյուսը կոչվում է վայ քո արա; Ապեր դե 2-ն էլ բեր տենանք ինչ ա էլի; Հեսա կբերեմ; Ապեր հիմա սրանց անունը ոնց էր; Մեկը արա արի արա մյուսը վայ քո արա; Բա հիմա ոնց ջոգենք որն ա որը; Դե որ փորձեք արդեն ինքներդ կհասկանաք որը որն է; Դե լավ ասենք թե արա արի արա վայ քո արա,"Հայկո, Մկո",2,ոչ մի,Սրճարան,լուսավոր,հայերեն,TRUE,FALSE,FALSE
mary_khachatrian,Kargin Haghordum sketch 481 (Hayko Mko),https://www.youtube.com/watch?v=cr5PqDj2YBA&list=PLDDuEZQEC_uAuSrUXsFVBLNkPQY3BHzLQ&index=82&t=0s,հմի կարողա էտ աղջիկը հեռագիրդ չի ստացել,"Արի ախեր ջան, արի սանիկ ջան; Բալես հլը տես ովա էկե, Հովո հոպարն ա է; արի ախպեր ջան տենանք ինչ կա չկա; դե հլը ասա խի ես էկե ապեր ինչ կա; խոսալու բան կա քավոր ջան; դե ասա լսում եմ; էրեխու մոտ չէ; հահ, ըտենց մոմենտ ա հա; բալես ես ու Հովո հոպարդ խոսալու բան ունենք, մի հատ սենյակից դուրս արի ազիզ; ինչի ա տենց ըլնում իմ հետ; ինչի ա հենց իմ հետ տենց; արա Հովո մի հատ նորմալ մարդավարի բան ասա հասկանամ ինչա էղե ում են խփե ախպեր; ոչ մեկին չեն խփել, բայց խփելու են այ էս տղեն ա խփելու; քավոր կնգաս ուրիշի հետ եմ բռնցրե; դու իմ քավորն ես քեզ էկել եմ տեղյակ պահեմ, որ ես դրանց խփելու եմ էդքան բան ես հելա; արա հոպ հե արա; մի հատ մինչև էդ խփելդ մի հատ լսի քավորդ քեզ ինչ ա ասում; ինչ ա ասում; ասըմ ա որ խփելը քո համար չափալախել չի էտի սպանություն ա; դու որ կնգադ խփես քո ընտանիքը կքանդվի ու ես որպես քավոր էդ ամեն ինչին դեմ եմ; ու դու որպես քավոր էտ ամեն ինչին դեմ ես; ու դու նամանավանդ գիտես թե կնգադ կողմից ինչ թափով բարեգամներ կան կանգնած; ես գիդեմ իմ կնգա կոմից ինչ թափով բարեգամներ կան կանգնած; ու եթե հանկարծ քո կողմից ինչ-որ սխալ բան էղավ քեզ ազգովի վարի կտան; եթե սխալ բան էղավ ինձ ազգովի վարի կտան; քավոր ջան բայց ես սխալ չեմ ես ճիշտ եմ; ես իրանց բռնցրել եմ ու ես իրանց սպանելու եմ; է հա այ ցավդ տանեմ ես հո չեմ ասում չես բռնցրե բայց 100 անգամ ճշտի նոր գնա խփի; է հմի ախպեր ջան կարող ա ուրիշ շենք ես մտե; քավոր ջան մեր քուչում մենակ մեր շենքն ա վիսոտկա մնացածը սաղ սեփական տներ են ես մեր շենքն եմ մտել; է հա հմի ձեր շենքն ա Հովո ջան հմի կարող ա սխալ հարկ ես բարձրացել; այ ցավդ տանեմ ոնց եմ սխալ հարկ բարձրացել; լիֆտը բացվում ա դեմի պատին գրած ա քյալ Հովո էտի մեր հարկն ա; է հմի ձեր ձեր հարկն ա ախպեր ջան կարող ա ուրիշ դուռ ես մտել; քավոր լավ էլի դու ինձ չօգնիր էդ հարկի սաղ տները առանք ըտե սաղ տները իմն ա ոնց եմ է սխալ մտել; ախպեր մի հատ էլ հարց տամ էլի; կարող ա ուրիշ մարդ ա էղե կնիկդ չի էղե; ախր քավոր ջան ախր ես իմ կնգա ախն ու վախը չգիդեմ կամ խոսքի որ հանվում ա արա դե ինչ խորանամ էլի; քյասար կնիկս էր; արա դե լավ էլի արա; խի պտի սենց ըլներ է; ու ամենաաբիդնին գիդես որն ա քավոր որ կամանձիռովկից հետ գալուց մտքովս անցավ ասի կարողա տենց մոմենդ ըլնի; ախպեր հեռագիր ղրգեցի գրեցի որ էս օրն եմ գալի էս ժամին ու ախպեր էտ օրը էտ ժամին մտնում եմ տուն ու իրանց բռնցնում եմ; արա ես իրանց խփելու եմ քյասար; ոնց ախպեր; գալուցդ առաջ իրան հեռագիր ես ղրգե; ախպեր ժամով օրով; աա լավ այ ախպեր ջան; հմի կարողա էտ աղջիկը հեռագիրդ չի ստացել;","Հայկո, Մկո, փոքր երեխա, կինը, սիրուհին",2,"Հովո, ոչ մի ",Տուն,լուսավոր,հայերեն,TRUE,FALSE,FALSE
mary_khachatrian,Kargin Haghordum sketch 482 (Hayko Mko),https://www.youtube.com/watch?v=Qe6HjBcKqao&list=PLDDuEZQEC_uAuSrUXsFVBLNkPQY3BHzLQ&index=83&t=0s,դու չփոշմանես,"Էս ինչ ես անում էս ով ա; շեֆ այգում քնած էր դակումենտ չուներ բերեցինք ստեղ, արա դակումենտի համար մարդուն սենց կմշակեն; կարող ա գիտես մշակույթի նախարարությունն ա; մի հատ հասցեն ճշտեք մեկին ուղարկեք թող անձը հաստատի էս մարդուն տուն ուղարկեք; հասցեն ասեց մարդ ուղարկեցինք ճշտելու գնացին էկան ասեցին էտ հասցեում տենց մարդ չի ապրում; տղա ջան որ հասցեով ես ապրում; Կոմիտաս 25 երկրորդ բնակարան; շեֆ էլի նույն հասցեն ա ասում; ոչինիչ էլի մարդ ուղարկեք թո նորմալ ճշտի; արդեն ուղարկել ենք հեսա ուր որայա կգան; դե ինձ կզեկուցեք; Ավետյան օպեռներից ով կա ըտե; ասա թո շտապ գա մոտս, հա սպասում եմ; էս կողոպուտի գործը ինչ էղավ; Գրիգորյան; արա ասա արա ասա; էս ինչ ես անում արա; հերիք չի էս տղուն փեդով մշակես; կարող ա գիտես ստե փայտամշակման ցեխ ա քո համար; քեզ չասեցի ճշտի նոր շարունակի արա; շեֆ ջան հենց նոր տղերքը էկան ասին որ ըտե 100 տոկոսով տենց մարդ չի ապրում; տղա ջան կարող ա ուզում ես միլիցայության հետ кошки мышки խաղաս հլը արագ հասցեդ ասա հլը; Կոմիտաս 5 բնակարան 2; որ հարկը; առաջինն ա մերը; հեսա իմ կանալներով ճշտելու եմ որ սխալ ես աել է սաղ բաժնով հետդ точки почки ենք խաղալու; արա էս ուզում ես շեֆի հետ кушкин пушкин խաղաս; արա սենց բան կլնի սաղ պտի ինքս անեմ; ալո; մի հատ ппс միացրա; Սմբատյան Վարդանյանն ա որ շենքի մոտ եք; ըհը կառազ էտ շենքից էլ ինձ ինֆորմացիա ա պետք; ուրեմն ճշտում ես մի հատ մարդ կա էտ հասցեում ապրում ա թե չէ; ազգանունը հլը մի րոպե; Գրիգորյան դրա ազգանունը ոնց ա; Խաչատրյան Սամվել; էղավ մի վայրկյան; ալո ուրեմն մտնում ես առաջի հարկ երկրորդ բնակարանը ճշտում ես Խաչատրյան Սամվելը ըտեղ բնակվում ա թե չէ; ես կսպասեմ; հա ասա; չկա տենց մարդ; հաստատ ճշտել ես; ըտենց մարդ չկա էտ հասցեով էղավ մերսի շարունակեք; նորություն կա; նույն հասցեն ա ասում շեֆ; սրան … ստուգել ես; հա մաքուր ա սաղ; որ բռնել են հո մոտը զենք բան չկար; չէ ոչ մի բան չուներ; դե ուրեմն արի սենց անենք; արի սրան բաց թողենք էսի շառ ա; տղա ջան գնա մի հատ լվացվի բան արա գնա տուն մոռացի որդե ես էղել; դու չփոշմանես; Սամ ջան մաղարիչ ունես անելու ախպորդ; ինչի համար; ասում ա ինչի հմար; էսօր մլիցեքը 3 անգամ քեզ էին հարցնում ասի ստե տենց մարդ չկա;","Հայկո, Մկո, ոստիկան, Հայկո",4,"Սամվել, Գրիգորյան, ոչ մի, ոչ մի",,լուսավոր,հայերեն,TRUE,FALSE,FALSE
mary_khachatrian,Kargin Haghordum sketch 483 (Hayko Mko),https://www.youtube.com/watch?v=jXTFiwKEMVE&list=PLDDuEZQEC_uAuSrUXsFVBLNkPQY3BHzLQ&index=84&t=0s,էթըմ ես մտնըմ ես կողքի կաբինետ սկսըմ ես քեզ տփել հեսա գալիս եմ,Արա ես մի բան չեմ հասկանում; էդ շորի խանութում որ գողություն էիր անում էդ գողության պահին ծեր մորդ մասին չէիր մտածում արա; մտածում էի ոնց չէի մտածում; պռոստը իրա հագով հարմար շոր չգթամ; թու արա դու մարդ չդառար էլի; դու բացի ծեծից ուրիշ լեզու չես հասկանում; լսի ինչ եմ ասըմ էթըմ ես մտնըմ ես կողքի կաբինետ սկսըմ ես քեզ տփել հեսա գալիս եմ; դավայ; կարելի ա; էս ինչ ա պատահե տիկին; ուզում եմ ամուսնուս վրա բողոք գրեմ; ա էկեք նստեք տիկին ջան էկեք նստեք; ինչ եք նայում ասեք բողոքը ոնց լրացնեմ; հա; էս ձեզ թուղթ տիկին ջան էս գրիչ մենակ ասեք պատճառը ինչն ա; բողոքս էն ա որ ամուսինս եփ որ խմած գալիս ա տուն ինձ փիսիկ ա անվանում; տիկին ջան բան չունեմ ասելու որ ձեր ամուսինը խմում ա էդ լավ բան չի բայց որ ձեզ փիսոյա անվանում էդ լիքը կանայք կերազեին որ իրանց ամուսինները իրանց փիսո անվանեին դա սիրո նշան ա էլի ոնց որ; հա բայց հետո էլ հինգերորդ հարկից դուրս ա շպրտում որ տենա 4 թաթի վրա կընգնեմ թե չէ;,"Հայկո, Մկո, գող",2,ոչ մի,Այլ(գրեք ավելացնենք),լուսավոր,հայերեն,TRUE,FALSE,FALSE
mary_khachatrian,Kargin Haghordum sketch 485 (Hayko Mko),https://www.youtube.com/watch?v=wxieqyrzFss&list=PLDDuEZQEC_uAuSrUXsFVBLNkPQY3BHzLQ&index=86&t=0s,"քեզ, պապա","Բարի երեկո երեխաներ; հայրիկը արդեն տուն վերադարձավ; ի միջի այլոց ձեր համար անակնկալ ունեմ; կոնֆետների տուփ; քանի որ տուփը մեկ հատ է այն կհասնի նրան ով որ միշտ մամային լսում է, ով երբեք նրան չի հակաճառում, չի վիճում նրա հետ, ով միանգամից կատարում է նրա ասածները և ընդհանրապես ում համար մամայի ասածը օրենք է; կարաք գուշակեք երեխաներ ում կհասնի այս նվերը; քեզ պապա;","Հայկո, փոքր երեխա",2,ոչ մի,Տուն,լուսավոր,հայերեն,TRUE,FALSE,FALSE
mary_khachatrian,Kargin Haghordum sketch 486 (Hayko Mko),https://www.youtube.com/watch?v=f0rkpSeKoEo&list=PLDDuEZQEC_uAuSrUXsFVBLNkPQY3BHzLQ&index=87&t=0s,"Սամ, սամալյոտ, սամասուդ",Սամո; Այ Սամո; էսօր որ նստած խմում էինք դու իմ չափ խմար; հա բա ոնց ախպեր; հաստատ; բա իրար հետ չէինք խմում ախպեր; բա ոնց; Սամո; սամալյոտ; սամասուդ; Սամ ջան; հա; ես էսօր 20 շիշ արաղ եմ խմել դու էլ ես էդքան խմել; հա բա ոնց այ ախպեր; Սամ վերջում ես 10 շիշ պիվա խմա դու էլ էդքան պիվա խմար; հա ես էլ եմ 10 շիշ պիվա խմել բայց մի բան էլ ես ասեմ; հմի դու էդքան բանից հետո ինձի հարգըմ ես; Սամ ջան ես քեզնով հպարտանում եմ ախպեր ջան; ,"Հայկո, Մկո",2,"Սամ, ոչ մի ",Դուրս,լուսավոր,հայերեն,TRUE,FALSE,FALSE
Լենա,Kargin Haghordum sketch 541 (Hayko Mko),https://www.youtube.com/watch?v=Rz_OeXNrwK8&list=PLDDuEZQEC_uAuSrUXsFVBLNkPQY3BHzLQ&index=142&t=0s,"Արա մեռավ էս հարիֆը։Դուրսա գալի, ես շատ վատ հրաշագործ եմ","Էս ինչ եղավ, ստրախովկես պոկվավ, բա ես հիմա ոնց եմ իջնելու: Օքնեցեք, օգնեցեք: Ախպեր ինչա եղել: Սար էի բարձրանում ստրախովկես պոկվավ, հիմա առանց ստրախովկի չեմ կարանա իջնեմ, խնդրում եմ էլի էդ պարանը մի ձև շպրտի ինձ ցավդ տանեմ: Ախպեր ինչ պարան, ինչ բան ես հրաշագործ եմ, դու պրոստէ ձեռներդ սենց թող ես հրաշագործությունս կանեմ ու դու փափուկ վայրէջք կկատարես ոչ մի բան էլ քո հետ չի ըլնի։ Ախպեր ջան գժվել ես դու, ստեղ մինիմում 30 մետրա, կնկնեմ կմեռնեմ խնդրում եմ էլի մի ձև էդ պարանը հասցրու ինձ շպրտի կամ մարդ ճարի, որ շպրտեն: Այ ընկեր ջան ես ստե կանգնած քեզ ասում եմ հրաշագործ եմ դու ինչ որ ուրիշ բաներ ես խոսում:  Ես իմ հրաշագործությունը կանեմ, դու սիրուն ձևով  կկանգնես գետնին : Հետդ բան չի ըլնի էլի: Ախպեր հաստատ դու հրաշագործ ես: Ախպեր ջան էս մենք 2 րոպեա վրոձի ընկերություն ենք անում, բայգ դու ընկերներիդ ոնց որ դավերյա չես անում հա: Ես քեզ ասում եմ ես հրաշագործ եմ դու պրոստե ձեռներդ թող ու թռի էլի, քո հետ բան չի ըլնի պտի ինձ հավատաս ուրիշ տարբերակ չկա, եղավ: Լավ, հավատում եմ հիմա ինչ եմ անում: Ահա, այ ստե արդեն ուշադիր հիմա ամենակարևոր մոմենտը ես քեզ հենց որ ասում եմ թող դու ձեռներդ թողնում ես ու պրոստե թռնում ես, ես էդ մոմենտին իմ հրաշագործ մոմենտներն եմ անում ու դու չոտկի կանգնում ես գետնին:  Մի վարկյան, հիմա ստուգում եմ մի հատ իմ էդ մոմենտները աշխատումա թե չէ շատ լավա շատ այ հիմա թռի: Աաաաաաա:Արա մեռավ էս հարիֆը, փաստորեն էդքան էլ լավ հրաշագործ չեմ: ","Հայկո, Մկո",2,Ոչ մի,Դուրս,լուսավոր,հայերեն,TRUE,FALSE,FALSE
Լենա,Kargin Haghordum sketch 542 (Hayko Mko),https://www.youtube.com/watch?v=rIjitrYUx1w&list=PLDDuEZQEC_uAuSrUXsFVBLNkPQY3BHzLQ&index=143&t=0s,"Կարաս չգնաս, ես արդեն գնացել եմ","Նար ջան, Մոսոնա ախպեր: Էն շիֆերները տվել եմ Արմոենց փողը կտաս: Նար ջան էլի ես եմ Արմոենցից շիֆերերը վեկալա ախպեր էլ փող պետք չի: Նար ջան պրիվետ ես եմ կյանք, կներես որ ձեր տուն եմ զանգում, ուղղակի գիտեմ, որ կինդ հերթապահությանա: Լսի կյանք քեզ շատ եմ կարոտել շատ եմ ուզում: Ես հիմա  ընկերուհուս տանն եմ քեզ եմ սպասում: Հասցեն հիշում ես չէ Կիսարյան 8 բնակարան 16: Կյանք մինչև 5-ը քեզ եմ սպասում ամպայման արի էլի:  Նար ջան էս սաբշեյնին կջնջես, հանկարծ Էն կատաղած կնոջդ ձեռը չնկնի:Կգաս էլի: Վայ կնիկ ջան էս դու հերթապահության չէս: Ինձ էլ հենց նոր զանգեցին մի հատ շտապ տեղ կանչեցին պետքա գնամ: Կարաս չգնաս ուռոդ, ես արդեն գնացել եմ: ","Հայկո,  Մկո",2,"Նարեկ, Մոսո",Տուն,մութ,հայերեն,TRUE,FALSE,FALSE
Լենա,Kargin Haghordum sketch 543 (Hayko Mko),https://www.youtube.com/watch?v=GKeu9-TH9mE&list=PLDDuEZQEC_uAuSrUXsFVBLNkPQY3BHzLQ&index=144&t=0s,Սիրեկան,"Յա էս ում թոռնիկնա եկել դպրոցից, ինչ նվերներա բերել տատիկին: Մի հատ 4, 2 հատ  5: Բայց ես 4 չէի ուզում, դե լավ որ նվերա արի, արի տենամ ինչից ես 4 ստացել: Բա ինչի ուշացար: Դասղեկը մեզ բոլորին դասից հետո հավաքեց ու հարցրեց ում ծնողը ինչա աշխատում: Բա հետո: Ես էլ ասեցի մայրիկս բժիշկա աշխատում իսկ հայրիկիս ես փոքր ժամանսկվանից չեմ տեսել: Բա ինքը ինչ ասեց: Ասեց հայրկիդ մասնագիտությունը կիմանաս ու կգաս ինձ վաղը կասես: Տատի հիմա պապան ինչ մասնագիտություն ունի: Պապան բալա ջան, ձմեռ պապա աշխատում,  մի օր գիշերը եկավ թողեց քեզ նվեր ու գնաց։ Տատի իմ կողքի նստած Արմինեին դասատուն հարցրեց քո պապան ինչա աշխատումշ Արմինեն էլ ասեց իմ պապան մեր հարևանուհու սիրեկաննա:Տատի իսկ սիրեկանը ինչա: Սիրեկանը բալա ջան, սիրեկան, սիրեկան......","Մկո, փոքր երեխա",2,Ոչ մի ,Տուն,լուսավոր,հայերեն,TRUE,FALSE,FALSE
Լենա,Kargin Haghordum sketch 544 (Hayko Mko),https://www.youtube.com/watch?v=qbCuYAk4zQM&list=PLDDuEZQEC_uAuSrUXsFVBLNkPQY3BHzLQ&index=145&t=0s,"Ապե կայնի,  հոգնամ","Դու պսակված ես:Հա: Ես էլ: Քանի հատ երեխա ունես: 2 հատ ձաք: Ես էլ 2 հատ երեխա ունեմ: Անունդ ոնց էր ախպեր:Գուգո: Թորգոմ ուրախ եմ ախպեր:  Կներես էլի ձեռնոցով եմ։ Հա ոչինչ, հեսա ծերերը կտրացա ախպեր: Ոբշմ ասածս ինչա էս  5 տարիա իրար հետ աշխատում ենք չէ կողք կողքի: Հա: 5 տարիա պասուդամոյկում օրը 8 ժամ իրար կողք աման ենք լվացելլ չէ: Հլը ասա էսքան վախտ քանի մանեթ էս հետ գցել էս 5 տարում: 50 դոլար: Ես էլ 550 դոլար դե էս ամսվա հոսանքի փողը հլը չեմ տվել էլի:Հաա: Հիմա ախպեր էսօր որ ամանները լվում էի ձեռիս տակ էս դանակը ընկավ ու ես հասկացա որ էսի մեր շնշող ապագանա: Այսինքն: Այսինքն աշխատանքով փող չէս կարա հետ գցես, փողը հետա քցվցվում գողությունով էս դանակը կլինի մեր եկամտահարկը: Էդ ոնց է: Էն հարիֆին տենում ես: Հա տենում եմ: Էս դանակը կդնենք բկին ինչքան եկամուտ ւոնի կտա մեզ փողն էլ կկիսվենք: Բա որ փող չլնի մոտը: Արա էս գործը չսկսած նավսում ես արա:  Չէ,, մարդ ես էլո: Դե գնա զբաղեցրա իրան հարց մարց տու ես հետևդ կպահկվեմ:Ապեր, ապեր քեզ մի րոպե կարելիա ապեր ջան: Բարի օր ապեր: Բարի օր: Ընգեր ջան մելիցայությունը ստեղից շատա հեռու: Էն սարի հետևնա, մի 20 կիլոմետր կլնի էլի:Հա, որ ստե գոռոց լսվի ընդե կլսվի: Չէ: Դե ուրեմն հանի փողերդ տուր: Փող չունեմ:Արագացրա հլը: Ազնիվ խոսք ես փող չունեմ: Բա էս ինչա: Պապուս պերերիվնա տանում եմ:Հա, բա հիմա ինչ ենք անելու: Լսի լը ախպեր, դու մեր դեմքերը հիշեցիր: Հա, հիշեցի: Բա որ խոսկի փողոցում սենց տենաս, սենց քայլենք խոսկի, սենց որ տենաս կհիշես: Հա, կհիշեմ: Ոնց, այ սենց առանց գլխարկ որ մեզ տենաս փողոցում քայլելուց կհիշես: Հա: Գուգո էսի շառա սրան պիտի սպանենք վեկալ: Չէ, չէ  մի սպանեք խնդրում եմ ձեզ փող կտամ: Բա նոր ասում էիր չունեմ: Պապուս մոտ կլնի, մի սպանեք: Հաստատ փող ունի մոտը: Հա, կունենա: Դե ուրեմն արժի, արժի, արժի գնալ պապուդ մոտ: Էս քո պերերիվը պապի ջան, էս էլ քո թոռը սաղ սալամաթ: Բայց էսօր սննդի առաքումը անվճար չի պապի պտի փող տաս: Ինչխանա այ դարմայեդներ: 100 դոլար:Պրոբլեմ չկա: Պապի, բա էդքան փող քեզ որտեղից: Էսա ես ձեզ կասեմ որտեղից Արամիկ մնա փողերի մոտ եկեք ասեմ որտեղից: Գուգո դու էլ մնա Արամիկի մոտ: Ուզում էիր իմանաիր էդ փողերը ինձ որտեղից ստե կուրորտ տեղա գալիս են դահուկ քշելու: Օրինակ էն դահուկիչին տենում ես, էն որ ուզումա իջնի: Ոնց չեմ տենում: Ես էլ եմ լավ տենում: Կպար հոպար: Դե գնա մոտի փողերը վեկալ: Պապի մոտը 3 դոլար փող կար: Այ տենց տղա ջան կոպեկ, կոպեկ հավաքել եմ:","Հայկո, Մկո, ",4,"Գուգո, Թորգոմ, պապ, Արամիկ",Բնության գիրկ,լուսավոր,հայերեն,TRUE,FALSE,FALSE
Լենա,Kargin Haghordum sketch 545 (Hayko Mko),https://www.youtube.com/watch?v=ha7-kzr1FLA&list=PLDDuEZQEC_uAuSrUXsFVBLNkPQY3BHzLQ&index=146&t=0s,֊Բա ասում էիր սատկավ։ ֊Հա ընկավ ավտոի տակ,"Լավ ման եկանք: Հա լավ էլ սովածացանք: Ինչ ուտենք: Կարևոր չի, կարևորը շուտ բերեն: Hi, Hello. 2 sendwiches please. Շնորհակալ եմ: Thank you. Մենակ արագ բեր, սոված ենք: Տղերք հայ եք: Հա ապեր: Էս են Ջավոի մեջի տղեն չի: Ինքնա: Ապեր արի մեր հետ նստի: Բար. ձեզ: Բարի օր ցավդ տանեմ: Բա ինչ  իմացար հայ ենք:Ապեր իսկական հայը լինումա Ջ֊ջիգյարով,  Ա֊աֆերիստ,  Ֆ֊ֆայմով, Ֆ֊ֆիրմա մեքենայով,  Ա֊գաղափարով: Էս ոնց որ մի բան խառնիր ախպեր ջան: Էս սունկ եք ուտելու: Հա: Բա չեք վախում թունավորվեք: Բայց ինչից պտի վախենանք,էս ռեստորանա ամբողջ օրը մաքրությունա: Ես մի ամիսա Ամստերդամ եմ երկու դեպքա գրանցվել սունկի թունավորումից: Լուրջ ես ասում: Է հա: Բա հիմա ինչ ենք անելու: Այ հենա էն շանը եկեք տանք, թող ուտի, եթե չսատկավ ուրեմն նորմալա:Քցի: Փախավ, բա սրա վերջը ինթա լինելու: Եսիմ ապեր: Ապեր խնդրում եմ դու ստեղի փողոցները գիտես շան հետևից վազի տես ինչա լինում: Լավ ապեր: Հը ախպեր ինչ եղավ: Ապեր շունը սատկավ: Էս ինչ ես անում: Ուտում եմ: Բա ասեցիր շունը սատկավ: Է հա, ենկավ ավտոի տակ: ","Հայկո, Մկո",3,Ոչ մի,Ռեստորան,լուսավոր,հայերեն+անգլերեն,TRUE,FALSE,FALSE
Լենա,Kargin Haghordum sketch 546 (Hayko Mko),https://www.youtube.com/watch?v=eiHo5qDQqiM&list=PLDDuEZQEC_uAuSrUXsFVBLNkPQY3BHzLQ&index=147&t=0s,Աջը պահի շուտ արա։,"Վայ Վիկ ջան պրիվետ: Վիկա ջան ամուսինս հիմա տրամադրվումա 5 րոպեից կարանք սկսել: Չհասկացա, ժամը 6-ին եք կանչել գալիս եմ ասում եք պետքա 5 րոպե սպասես, ես հլը պետքա գնամ վարսավիրանոց մազերս ֆենեմ, մանիկյուռ անեմ, Էսօր շեֆի ծնունդին եմ հրավիրված։ Հա բայց Վիկա ջան դու էիր  խնդրել չէ, ոչ Էսօր պետքա մահացած մարդուդ հոգին կանչենք, դրա պատճառով էլ Էսօր ամուսինս աշխատանքի չգնաց։ Հռիփսիկ եկեք։ Աջը պահի շուտ արա։  Վիկա ջան հիմա արդեն կարանք մահացած ամուսնուդ հոգին կանչենք ։ Անունը ինչ էր։ Արմեն։ Լավ, հիգի կանչելուց 3 կարևոր պայման պտի ապահովես Հենա Հռեփսիկը գիտի։ Առաջինը լռություննա երկրորդը մթություննա երրորդ ամենագլխավոր պայմանը էնա որ դու պետքա հավատաս որ մահացած ամուսնուդ հոգին անպայման կգա թե չէ հոտը կառնի ու չի գա իսկ Էդ ոչ մեկիս ձեռք չի տալիս նամանավանդ քեզ Վիկա։ Հիմա ինչ ասում եմ անում եք բռնվեք իրարից Կանչում ենք Արմեն արի բոլորս միասին Արմեն արի Արմեն արի։ Ըհը, լսեցիք։ Այ մարդ դուռնա։ Ովա։ Արմեննա,  ձեր վերևի հարևանը ասում էիք Արմեն արի Արմեն արի եկել եմ բան հո չի եղել։Չէ Արմեն ջան ամեն ինչ նորմալա ուղղակի հեռուստացույցի ձայնն էր բարձր մենք էլ դե սերիալ ենք նայում։  Էլի հոգի եք կանչում, արա դե զզվցրիք էլի մոմեր եք վարում վերջը շենքը պետքա պաժար գցեք։ Լավ, անցած լինի կամաց ենք Կանչում բռնվեք իրարից։ Արմեն արի, Արմեն արի։ Էս ինչ տեղա չեմ ջոգում, արա էս ուր եմ ես արա։ Ինքնա՞։ Հա ինքնա։ Արմ ջան։ Արա Կնիկ, էս ի՞նչ ես անում ստեղ։ Արմ ջան ծանոթացի ընկերուհիսա Ռիփսիկը, Վազգենն էլ իրա ամուսիննա, ի միջայլոց Էսօր ինքնա կազմակերպել մեր հանդիպումը։Գոհ ենք ախպեր ջան, էս տեսակ բաներով ենք ուրախ լինում, ապրես։ Արմ ջան հլը ասա ոնց ես։ Լավ Կնիկ ջան, ընտիր ցավդ տանեմ։ Էտեղ քեզ ավելի լավա քան իմ հետ: Կնիկ ջան, ոնց ասեմ որ չնեղվես խոսկի մի 5 անգամ, չէ 5-ը սուտ կլնի սպասի, ստե մի 10 անգամ լավա քան քո հետ։Նենց կուզենայի ես էլ իմանալ ոնցա էտեղ դրախտում։ Այ Կնիկ ինչ դրախտ, ես դժոխքում եք: ","Հասմիկ,Մկո, Հայկո, Թամարա",4,"Վիկա, Արմեն, Վարդան,Հռիփսիկ",Տուն,մութ,հայերեն,TRUE,FALSE,FALSE
Լենա,Kargin Haghordum sketch 547 (Hayko Mko),https://www.youtube.com/watch?v=U9PQjYKETKs&list=PLDDuEZQEC_uAuSrUXsFVBLNkPQY3BHzLQ&index=148&t=0s,Ապեր էդ խաչմերուկը շուտ ենք անցել ցավդ տանեմ.,"-Ընգեր ուրդե եք բա հիմա? Ապեր էդ խաչմերուկը շուտ ենք անցե մենք ցավդ տանեմ։Ապեր ծաղկաձորից 2 կմ էս կողմ կանգնած ենք,ապե դե չենք շարժվում ձեզ ենք սպասում ցավդ տանեմ։Հա,հա ապեր,դավայ ցավդ տանեմ։
-Ով էր?
-Սամոն էր Հասմիկի հետ,չես հիշում որ անցած տարի նոր էինք ծանոթացել էլի միասին ծաղկաձոր էինք գնացե?հեսա գալիս են գնանք։
-Բա հիշում ես որ էսօր լրանումա մեր ընկերության 6 ամիսը։
-Հաստատ?
-6 ամիս առաջ մենք էս օրը սկսեցինք ընկերություն անել։-Հա
-(Ինչի էդ բանը ասեցի?հլը տես դեմքը ոնց փոխեց,երևի ինքը մտածումա,որ ես դա դիտմամբ ասեցի։ Կարողա ինքը մտածի,որ ես ի նկատի ունեի որ մեր հարաբերությունները արդեն պետքա լրջացնել?բա որ հիմա շուռ գա ու ասի ուզումա ամուսնանա իմ հետ,արդյոք պատրաստ եմ ես այդպիսի լուրջ քայլի?)
-(6 ամիս?պահոոո,հա էլի փետրվարին էր,էդ դուրսա գալիս ես 6 ամիսա մեքենայի յուղը չեմ փոխել,էդ հեչ լավ չի,վաղը մի հատ մտնեմ սերվիս։)
-(Չէ,երևի ես պատրաստ չեմ, վերջիվերջո ես ինչ գիտեմ իրա մասին,ճիշտա   մենք հաճախ հանդիպում ենք,ես իրա ընկերներին եմ ճանաչում,ինքը`իմ,բայց եթե սառը դատենս մենք լրիվ տարբեր մարդիկ ենք,արդյոք մենք հոգեպես պատրաստ ենք ստեղծելու ընտանիք?արդյոք մենք այդքան վստահում ենք իրար?)
-(Յուղը որ փոխեն,ասեմ միանգամից էն կալոըկեքն էլ փոխեն,էն դռան վրի փոսն էլ դզեն։Արա էդ ինչքան կնստի վրես?)
-(Վաաաայ,Աստված,ինչ ապուշ եմ ես,ինչի իրան էդ բանը ասեցի?բա որ հիմա ինքը մտածի որ ուզում եմ իրան իրա ազատությունից զրկեմ?իրա վզին փաթափվեմ,շատ պետքսա,իրա նմանները թափած են,ինչքան ուզես։Հլը դրա դեմքին նայի, ճիշտ էգոիստի մեկնա:)
-(Ամսեկան ինչքան փող եմ սրա վրա թափում,ավելի լավ չի մի հատ նոր ֆիռմա մեքենա վեկալեմ?Այ էն Նիսաններն են լավը,էն օրը սալոնում մի հատ սպիտակ Նիսսան տեսա աշկս մնաց վրեն։Հա ոչինչ մի քիչ էլ պարտք կանեմ,զատո մարդավարի մեքենա կքշեմ։
-(Այ սենց կյանքը դեմովդ անցնումա,դու սպասում ես քո արքայազնին սպիտակ ձիու վրա,իսկ այդ ժամանակ ջահելությունը անցնումա,դրա համար արքայազնին սպիտակ ձիու վրա սպասել պետք չի,այլ պետքա օգտվել նրանից թե ինչ ունես։)
-(Վերջ,որոշեցի,գնում եմ ու առնեմ էս սպիտակ Նիսսանը։Արա բայց դե մի կողմից էլ արժի էդքան պարտքերի մեջ խրվել?)
Գիտես ինչ մտածեցի?էդ սպիտակ ձին մեզ ընդհանրապես պետք չի, վերջիվերջո հո էդ չի կարևորը?
Հա էլի,ոնց քցում բռնում եմ նագլի թանկա նստում։","Հայկո, Հասմիկ",2,Ոչ մի,Ավտոմեքենա,լուսավոր,հայերեն,TRUE,FALSE,FALSE
Լենա,Kargin Haghordum sketch 548 (Hayko Mko),https://www.youtube.com/watch?v=6038Y198Rxg&list=PLDDuEZQEC_uAuSrUXsFVBLNkPQY3BHzLQ&index=149&t=0s,"ես իրա ցավը տանեմ, տարել էր ինձ ու պարավիս ռեստորան","Ապրես, գցի։ Բա չես ասի երեկ թոռս Մոսկվաից էր եկել, ասեց պապ ջան արի քեզ տանեմ մի հատ լավ տեղ, տարավ ինձ Էդ ստրիպտիտ կլուբ։ Այ մարդ, էդ ի՞նչ մուխանատ տեղ էր, էնքան էլ փող ծախսեց, ըսկի բան չտեսանք։ Ընչի։ Դե տրուբեքը խանգարում էին։ Հաա, երեկ էլ տղես ես իրա ցավը տանեմ տարել էր ինձ ու պառավիս ռեստորան։Արա էդ ի՞նչ լավ ժամանակ անցկացրիք, էդ ի՞նչ ուտելիքներ կային, 3 ժամ ընդեղեն էինք։ Ռեստորանի անունը ինչ էր։Ըըը, հլը սպասի, անունը ոնց էր, վայ, հլը մի րոպե հիշեմ։ Լավ, էն ծաղիկի անունը ինչա, որ ինքը սենց փշոտա ըլնում ու ծերին էլ կարմիր կոկոնա։ Վարդ։ Ճիշտա, աղջի Վարդ երեկվա ռեստորանի անունը ինչ էր։","Հայկո, Մկո, Աշոտ",3,Վարդ,Գյուղ,լուսավոր,հայերեն,TRUE,FALSE,FALSE
Լենա,Kargin Haghordum sketch 549 (Hayko Mko),https://www.youtube.com/watch?v=7B4T8FLXXJs&list=PLDDuEZQEC_uAuSrUXsFVBLNkPQY3BHzLQ&index=150&t=0s,Բայց քեզ պիտի խելոք պահես,"Ովա։ Զինվոր եմ տատի ջան, զորացրվել եմ տուն եմ գնում, 3 օրա ճանփին եմ սոված,ծարավ: Մի կտոր հաց տուր ուտեմ մի հատ էլ անկյուն քնեմ, առավոտ ճանփա ընկնեմ: Չեմ թողնելու։ Ինչի տատի ջան ախր ես ձեր սահմաններն եմ պաշտպանել, նենց եմ արել, որ դուք հանգիստ քնեք։ Մի կտոր հաց տուր ուտեմ, առավոտ ճանփա ընկնեմ, ինչի չես թողնում։ Չեմ թողնում, որովհետև ես 16 տարեկան թոռնիկ ունեմ, որը կես ժամից գալուա գիտեմ  ես էդ սալդատներին, բռնի ուժով կտիրանաս իրան։ Չեմ թողնելու, դավայ ստուց։ Չէ տատի ջան,  ախր ես  սոված, ծարավ վրես հալ չկա, համ էլ  ձեր թոռնիկը ինձ չի տենա, ես հեսա հաց կուտեմ,  կպարկեմ կքնեմ ինքը կգա ես հետո առավոտ շուտ եմ գնում, առավոտ կհելնեմ ճանփա կընկնեմ,  ինքը ինձ ճի տենա։ Քանի կիլոմետր ես քայլել։ Չգիտեմ, 100֊ից հետո էլ չեմ հիշում։  Քանի օր չես քնել։ 3 գիշեր։ Լավ, վրեդ սւժ էլ չկա, բացեմ արի կերակրեմ, բայց քեզ պտի խելոք պահես։ Տատի, բա Էն ջահեծ թոռդ որտեղա։","Հայկո, Մկո",2,ոչ մի,Այլ(գրեք ավելացնենք),մութ հետո լուսավոր,հայերեն,TRUE,FALSE,FALSE
Լենա,Kargin Haghordum sketch 550 (Hayko Mko),https://www.youtube.com/watch?v=TaKlYeV6i8c&list=PLDDuEZQEC_uAuSrUXsFVBLNkPQY3BHzLQ&index=151&t=0s,Բացեք ձեր բերանը,"Բարև ձեզ, ձեր բժիշկը շտապ հեռացավ, ես նրան կփոխարինեմ։ Բա Էդ ինչա բժշկուհի ջան։ Սա ցավազրկողա, որպեսզի ատամը հանելոից ձեզ շատ չցավա։ Բացեք ձեր բեիանը։ Արմեն։ Ովա։ Չճանաչեցիր։ Արա Էդո դու ես։ Չէ։ Իսկ սենց։ Չէ, ովա՞։ Ձեր դասարանի Գայանենա։ Վայ ճիշտա Գայ ջան, ոնց ես։ Լավ եմ մերսի Արմեն ջան, դու ոնց ես, ընտանիք, երեխա, ինչ ես անում։ Տաքսիստ եմ աշխատում, բա դու ի՞նչ ես աշխատում։ Ես էլ գործարանում հաշվապահ եմ աշխատում։ Բա ստե ինչ ես անում։ Փողս մեկ֊մեկ չի հերիքում գալիս եմ ստեղ բժիշկ եմ աշխատում։ Հեչ դասարանցիներից ում ես տեսել։ Չէ Գայ ջան, ժամանակ չունեմ։ Ես էլ չեմ տեսնում, հիշում ես ինչ անդարդ տարիներ էր, դասերից փախնում էինք, գնում էինք պարտեզ խաղում էինք հետո փախնում էինք մեկ֊մեկ գնում էինք Էդոենց տուն հիշում ես, մաման ինչ համով ճաշեր էր պատրաստում։ Իսկ հիշում ես, որ դու միշտ իմ հետևն էիր նստում ասեղով ծակում էիր, մեխով էիր ծակում, մազերիցս քաշում էիր, գրիչով գրում էիր վզիս վրա իսկ ես շուռ էի գալիս լացում էի։ Հիշում եմ։ Ես էլ եմ հիշում, դրա համար ատամը կհեռացնենք առանց ցավազրկելու։ Ծակում էիր հա, ցավացնում էիր, դե Տես ցավը որնա։ Էս էլ քո ատամը։ Էս էլ քո ռուչկեքը։","Հայկո, Մկո",2,"Արմեն, Գայանե",Ատամնաբուժարան,լուսավոր,հայերեն,TRUE,FALSE,FALSE
Լենա,Kargin Haghordum sketch 551 (Hayko Mko),https://www.youtube.com/watch?v=0vhomjPY064&list=PLDDuEZQEC_uAuSrUXsFVBLNkPQY3BHzLQ&index=152&t=0s,Մարդը մի հատ չափալաղ,"Գեղի կլուբից զանգում եմ հոպարին, հոպարս գալիսա իրա 06֊ով, նիվի շթերով, կոբռա սկորուստով, 50 50 add  համարներով, էս քրդերը, որ մեքենան տենում են անում են տակները հոպարս էլ հելնումա մարդը մի հատ չափալաղ ու սրանք ալամեզոն: Ինձ էլ բերումա քաղաք հետս էլ մի հատ   Տօ չէ այ ցավդ տանեմ, որտեղից լինի ձերոնք մի քիչ առաջ եկան սաղ խմեցին ու գնացին","Հայկո, Մկո",3,"Լեյտենանտ Գրիգորյան , Լեյտենանտ Մելոյան",Տուն,լուսավոր,հայերեն+ռուսերեն,TRUE,FALSE,FALSE
Լենա,Kargin Haghordum sketch 552 (Hayko Mko),https://www.youtube.com/watch?v=D1-SuteQWMs&list=PLDDuEZQEC_uAuSrUXsFVBLNkPQY3BHzLQ&index=153&t=0s,Ես սվիտր կարող չեմ,"Լավ հիշում ես, որ ժամին ինչ ֆուտբոլ կա, բայց սկի չես հիշում, որ օրն ենք ամուսնացել:","Հայկո, Մկո, Աշոտ",3,Ոչ մի,Տուն,լուսավոր,հայերեն,TRUE,FALSE,FALSE
Լենա,Kargin Haghordum sketch 553 (Hayko Mko),https://www.youtube.com/watch?v=GyOPHcnzy3M&list=PLDDuEZQEC_uAuSrUXsFVBLNkPQY3BHzLQ&index=154&t=0s,Ոնց ես,"-Ինչ ես ասում չեմ հասկանում?Այ քու արա, ասում եմ ոնց ես? չեմ հասկանում ինչ ես։
Թու սենց էլ բան կլնի։Այ մարդ հա չեմ հասկանում,հարցնում եմ ոնց ես,ոնց?
-Անցած սերունդ?էս էլի առանց ինձ իրար գլուխ եք հավքվե?
-Իա?Խաչիկ ջան դու ես?
-Հա ես եմ Հակոբ ձյա։
-Մի հատ էս մեր խուլ ու համր ընկերոջից հարցրու ոնցա?
-Դավիթ ձյա,ոնց ես?Ասումա լավա Հակոբ ձյա։
-Հա,դե լավա։
-Հմի էլ ինքնա հարցնում,դու ոնց ես?
-Հա,լավ եմ լավ եմ,ասա ես էլ եմ լավ։
-Հակոբ ձյան լավա,լավա։
-Տո էս ինչ լավա եկար Խաչիկ ջան,թե չէ էս մի ժամա չենք կարում ջոգենք ոնց ենք,հլը դու ասա ոնց ես?էն աղջիկա հարցը ինչ եղավ Խաչիկ ջան?
-Բան չստացվեց Հակոբ ձյա,գնացի էդ աղջկա ծնողների հետ ծանոթացա։
-Հա
-Հետո էդ աղջկան էլ չթողին հետս հանդիպի։Ասին էդ տղու մի ոտը մյուսից կարճա,դու դրա հետ ինչ գործ ունես։
Չէ Դավիթ ձյա չստացվեց,չստացվեց։
-Վայ ես էն դրանց անաղ ու հաց ինչն եմ ասե,էդ քո ոտը կարճ չի ,իրանց ուղեղնա կարճ,ուղեղը։Էդ ինչ կապ ունի կարևորը մարդս մարդ ըլնի։Մենք հլը մեծ ենք,բայց դու սենց ջահել ջիվան,խի պտի ֆիզիկականիդ պատճառով անձնականդ տուժի։
-Այ մարդ սենց էլա լավ,էնա արդեն սովորել ենք էլի։
-Էէէ ոնց կուզենաի որ մի հրաշք կատարվեր,մենք դառնայինք նոռմալ ու դրանք սաղ մանթո մնային։
-Էս ինչ հրաշքա?
-Այնտեց,որտեղ սրտանց հրաշքներ են ցանկանում հայտնվում եմ ես`բարի փերին`հրաշքների կատարածուն։Հակոբ ձյաձյա~
-Այո
-Քանի որ դուք ամբողջ կյանքում միայն բարի գործեր եք արել,ես ձեզ կբուժեմ,տալով տեսողություն։
-Յահ?(հահահահայ)ես տենմ եմ տղեք,մերսի ազիզ ջան։
-Խնդրեմ։
-Գնամ տենամ ինչ եմ անում,դե կտեսնվենք։
-Ձյաձ Դավիթ,քանի որ դուք երբեք ոչ ոքի չեք նեղացրել կյանքում,ես ձեզ էլ կբուժեմ,տալով ձեզ լսողություն ու խոսք,խոսք,խոսք։
-Հա էլի,ես խոսում եմ,ես լսում եմ, շնորհակալություն բարի փերի։
-Խնդրեմ։
-Խաչիկ,հլը կխոսանք,Հակոոոոբ,Հակոոոոոբ։
-Իսկ դու Խաչիկ,չնայած նրան,որ ամենաերիտասարդն ես,դու էլ կյանքում պակաս բարի գործես չես արել,ես քեզ էլ կբուժեմ,տալով քեզ նոռմալ ոտքեր։
-Հոփ աղչի,փետդ քաշի,չես ջոգում? բռնեն բանակ կտանեն,էս ովա էս  փերին։","Հայկո, Մկո, Բարի Փերի, Աշոտ",4,"Հակոբ, Դավիթ, Խաչիկ",Բնության գիրկ,լուսավոր,հայերեն,TRUE,FALSE,FALSE
Լենա,Kargin Haghordum sketch 554 (Hayko Mko),https://www.youtube.com/watch?v=2ZNH4fu4YoA&list=PLDDuEZQEC_uAuSrUXsFVBLNkPQY3BHzLQ&index=155&t=0s,"Ցավդ տանեմ, ինչի ես հետս մունաթով խոսում որ","Բացի, բացի , մենակ նենց բացի ներսից չլսեն: Վայ քո արա, տանը մար կա: Բա ոնց չկա: Բա էթամք հետո կմտնենք: Չէ, պտի հիմա մտնենք: Բա որ ճանաչեն: Արա մեզ ով պիտի ճանաչի արա: Կարողա գիտես Հայկո,Մկոն ենք որ ճանաչեն: Բացեցի: Ապրես: Մարինե ջան գործից սոված եկել եմ, ճաշ տաքացրու ուտեմ էլի: Շատ ես ուզում գնա ինքդ տաքացրա կեր: Բայց ցավդ տանեմ, ինչու ես հետս մունաթով խոսում որ: Մոռացել ես, որ չեմ խոսում հետդ: Չվախենաս: Ինչի համր: Դու լավ էլ գիտես ինչի համար: ","Հայկո, Մկո, գող, կին",4,Մարետ,Տուն,մութ,հայերեն,TRUE,FALSE,FALSE
Լենա,Kargin Haghordum sketch 555 (Hayko Mko),https://www.youtube.com/watch?v=w1FPRUO_on4&list=PLDDuEZQEC_uAuSrUXsFVBLNkPQY3BHzLQ&index=156&t=0s,Ապրես ազիզ,"Այ, տեսնում եք, իսկ անցած տարի չէր հարցնի, միանգամից մեքենան կվերցներ կգնար","Հայկո, Մկո,հրամանատար",3,Ոչ մի,Բանակ,լուսավոր,հայերեն,TRUE,FALSE,FALSE
Լենա,Kargin Haghordum sketch 556 (Hayko Mko),https://www.youtube.com/watch?v=31-baXiIagE&list=PLDDuEZQEC_uAuSrUXsFVBLNkPQY3BHzLQ&index=157&t=0s,"Շուբետ հագի, 5 հարկանոց տան մեջ ման արի ","Մամ ջան չհասկացա, 10 հատ բրիլիանտից կոլյե ունեմ, չեք թողնում հագնեմ, 10 հատ շուբա ունեմ չեք թողնում դրսում հագնեմ, 20 հատ ավտո ունեմ չեք թողնում փողոցում քշեմ, բա Էդ ամեն ինչը ես երբ եմ վայելելու։","Հասմիկ, Հայկո",2,Մայր ու աղջիկ,Տուն,լուսավոր,հայերեն,TRUE,FALSE,FALSE
Լենա,Kargin Haghordum sketch 557 (Hayko Mko),https://www.youtube.com/watch?v=3lZpdy48GFI&list=PLDDuEZQEC_uAuSrUXsFVBLNkPQY3BHzLQ&index=158&t=0s,"Նուռ, դուռ, ֆուռ",Արա էս ինչ արիր արա։ Էսի գիտես ինչ թանկանոց ֆուռա շուտ֊շուտ հետ բեր այ կլոուն։,"Հայկո,  Մկո.",2,Ոչ մի,Այլ(գրեք ավելացնենք),լուսավոր,հայերեն,TRUE,FALSE,FALSE
Լենա,Kargin Haghordum sketch 558 (Hayko Mko),https://www.youtube.com/watch?v=LTjzI3_hPaY&list=PLDDuEZQEC_uAuSrUXsFVBLNkPQY3BHzLQ&index=159&t=0s,"Ասա թոռնիկ, ասա թոռնիկ, ասա թոռնիկ","Արա լավ չէր կոմունիստների վախտով,  սաղ դասարանին տանում ձրի սրսկում բերում էին։","Հայկո, Մկո,  Հայկո",2,Ոչ մի,Տուն,մութ հետո լուսավոր,հայերեն,TRUE,FALSE,FALSE
Լենա,Kargin Haghordum sketch 559 (Hayko Mko),https://www.youtube.com/watch?v=OA0SBQc8LcY&list=PLDDuEZQEC_uAuSrUXsFVBLNkPQY3BHzLQ&index=160&t=0s,Իմ փողերնա Ազիզ ջան,"Հլը մի րոպե, բա ես մեշոկի մեջ ինչա։ Դե բոլորը չէին, էր փող ունեին","Հայկո, Մկո",2,Ոչ մի,Դուրս,լուսավոր,հայերեն,TRUE,FALSE,FALSE
Լենա,Kargin Haghordum sketch 560 (Hayko Mko),https://www.youtube.com/watch?v=aUAgkYQ9usg&list=PLDDuEZQEC_uAuSrUXsFVBLNkPQY3BHzLQ&index=161&t=0s,Տո սուս մնա այ լկտի։,"Տօ լրիր այ ուբլյուդոկ, հեսա կտամ գլուխդ կկրատեմ արա։","Մկո, փոքր երեխա",2,Ոչ մի,Բնության գիրկ,լուսավոր,հայերեն,TRUE,FALSE,FALSE
Eline Babayan,Kargin Haghordum sketch 581 (Hayko Mko),https://www.youtube.com/watch?v=QMH1oz2EoVg&list=PLDDuEZQEC_uAuSrUXsFVBLNkPQY3BHzLQ&index=182&t=0s,Ասումա գեղում ապրա հրացան պահա։,"Կարելիա,եկեք,եկեք,նստեք,նստեք։Բժիշկ ջան,ես մեր գեղի տրակտորիստն եմ,էս մեր գեղի սաղ դաշտերը վարելը,ցանելը իմ վրայա։Հմի էս պահին պրոբլեմ ունեմ չեմ կարում աշխատեմ,ես որ չաշխատա բժիշկ սաղ էս մեր գեղը սովից կսատկի։Բժիշկ ջան ցավդ տանեմ,խնդրում եմ օգնի ինձ դիպլոմիդ ղուրբան։Եղբայր մինչև մտնելը դուք կարդացիք դռան վրա ինչ էր գրված,դուք կարդացիք թե ես ինչ մասնագետ եմ,ես սեքսապաթոլոգ եմ ինչ կապ ունեմէդ ձեր տրակտոր տաութների հետ։Բժիշկ ջան գիդըմ ենք ով ես,էս իմ պրոբլեմը անձնական,ինտիմ պրոբլեմա դրա համ էլ սաղովի ենք եկել։Ստե ուրիշ մարդ չկ,էսի մեր գեղապետնա,էս մեր գեղի ուսուցիչնա,էս էլ մեր գեղի կողի չաստի физрук-ը։Ինձ կոնկրետ ասեք պրոբլեմը ինչումն է։Ասեմ դոկտոր ջան,էա տրակտորը որ խոդ եմ տալում սկսումա դրդռալ,կաչատա անում,էդ վիբրացիայից գրգռվում եմ,ինքը դրդռումա ես գրգռվում եմ,ուշքս միտքս էթումաուրիշ տեղ չեմ կարում աշխատեմ։Ես ձեզ ասեմ մենք շատ հեշտությամբ կարող ենք լուծել ձեր պրոբլեմը,և այն դարձնել ձեր համար առավելություն։Հրացան ունեքՀա ոնց չունեմ ասումա գեղում ապրա հրացան պահա,բա որ արջը կամ թուրքը վրա տա ինչ պիտի անեմ։Շատ լավա,ուրեմն հենց գնում ես դաշտւ գործ անելու անպայման հրացանը վերցնում ես հետդ,հենց տրակտորը խոդ ես տալիս ինքը դրդռումա ու դու գրգռվում ես հանում ես հրացանով կրակում ես,դե ձերը գյուղ տեղա կնիկդ կլսի կգա քո մոտ,հետը համապատասխան գործողությունները կանեք կշարունակես քո գործը։Լավ բան ես ասում բժիշկ ջան գոհ ենք։Հաջողություն։
6 ամիս անց
Դե մեքենան կանգնեցրեք եկեք,մեքենան,ոնց տեղ չկա տրակտորա կանգնած։Կարելիա։Հա դե լավ։Եկեք նստեք,ինչա պատահել ինչի եք էդքան տխուր։Էհհ բժիշկ ջան։Ինչ իմ ասած մեթոդը չօգնեց։Չէ շատ լավ օգնեց բժիշկ ջան,սաղ ամառ սաղ դաշտերը վարել եմ,ցանեկ եմ,կրակում էի կնիկս գալիս էր զբաղվում էինք իրար հետ,հետո ես իմ գործն էի անում։Բա հիմա ինչ պրոբլեմ կա։Էն վախտ ամառ էր բժիշկ ջան,հմի աշունը եկելա կնկաս չեմ կարում գտնեմ։Ինչի։Որսի սեզոննա բացվել 4 կողմը կրակում են։
","Հայկո,Մկո",2,Ոչ մի,Հիվանդանոց,լուսավոր,հայերեն,TRUE,FALSE,FALSE
Eline Babayan,Kargin Haghordum sketch 582 (Hayko Mko),https://www.youtube.com/watch?v=UsrYsIlRla8&list=PLDDuEZQEC_uAuSrUXsFVBLNkPQY3BHzLQ&index=183&t=0s,Վերջը ճակատագիրը իրա подлец կողմերը ցույց տվեց,"Բարև քուրիկ ջան,ինչ կա որ։Ապե ջան քաղաք ես չէ էթում։Հա ինչ կա որ։Ապե ջան,որ խնդրեմ ինձ էլ հետդ կտանես,քաղաք գործ ունեմ։Հա ինչ կա որ,նայում եմ դեմքիդ նենց գեղեցիկ արտադրանք ես որ ես քեզ ոնց կարամ քաղաք չտանեմ,էսա էս բիբարի մեշոկը շպրտեմ հետ արի նստի մոտս։Մերսի ապե ջան մենակ շուտ էլի վռազ եմ։Ինչ երաժշտություն ես սիրում լսել քույրիկ ջան Алла Пугачёва,София  Ротару,թէ էս թազեքից ես սիրում Доктор Албан ,DJ BoBo,Tentacion։Արմենչիկ ունես ապե ջան։Ինչ։Արմենչիկ։Հլը սպասի է։Վա՝՜յ քու արա,վայ արա քու։Ինչա էղել։Վերջը ճակատագիրը իրա подлец կողմերը ցույց տվեց,դիսկին կտրեց։Էտ վատա։Վատը որնա մնացինք ճամփին,խուլ տեղ,ստիպված պիտի էստեղ գիշերենք։Դե լավ ապե ջան արի շուտ գիշերենք գնանք։էս ինչ ես ասում, այ ցավտ տանեմ գժվար։Ապե ջան դու նամյոկ ես տալիս,ես ասում եմ արի շուտ գիշերենք գնանք։Ես հո դրա համր չեմ կանգնել ինձի պետք չի կնիկ,էրեխա գիժ ես դու արա դավայ ստեղից։

","Մկո,Հասմիկ",2,Ոչ մի,Ավտոմեքենա,լուսավոր,հայերեն,TRUE,FALSE,FALSE
Eline Babayan,Kargin Haghordum sketch 583 (Hayko Mko),https://www.youtube.com/watch?v=YoGuj76WvJI&list=PLDDuEZQEC_uAuSrUXsFVBLNkPQY3BHzLQ&index=184&t=0s,"Հլը նայի ոնցա լավացել, щеки порозовели гемоглобина очевидно поднялся","Իյա Արմեն ջան,բարև ձեզ համեցեք։Այ տղա էս ինչ լավա տեսքդ 5 օր առաջ операция արեցինք հիմա смотрю как огурчик,ոնց ես քեզ զգում։Նորմալ եմ բժիշկ ջան,ուղղակի ստամոքսիս տակ շատա ցավում։Այ տղա բա պիտի ցավա բա ինչ պիտի անի,ստամոսիդ ¾-ը հեռացրեցինք։Դե խնդում եք բժիշկ ջան բայց իսկականից,իրոքից,ճշտովից ցավումա։Հա ոչինչ Արմեն ջան կանցնի։Հլը ուր ես,1 ամսից ես ու դու ֆուտբոլ պիտի խաղանք։Կամպյուտերնի իհարկե плейстейшен։Լավ կատակւ մի կողմ,Արմեն ջան մենք քեզ էսօր դուրս ենք գրում идёте домой,հիմա ոնց եք սնվում քանի որ ստամոքսիդ ¾-ը հեռացվածա բերանով ուտելու մասին մոտակա մի ամիսը պիտի մոռանաս։Դուք տիկին էիք չէ։
Այո։Ուրեմն ավելի լավա էդ ամեն ինչը ձեզ բացատրեմ  манная каша եք սարքում լցնում եք էդ манная каша-ն կլիզմայի մեջ  ու չերեզ ուղիղ աղի ներբեռնում եք էդ манная каша-ն ձեր ամուսնու մեջ։Բժիշկ ջան իսկ բացի манная каша-ից ուրիշ բան չի կարելի։Առաջի 2 շաբաթը  только манную кашу, էն մյուս շաբաթները կարելիա արդեն կարտոֆիլե պյուրե,բրինձ,բայց հիշեք միայն կլիզմայի միջոցով,բերանը մի բան պիտի չդնի թե չէ էտի կգնա էնտեղ ստամոքսի կարերը կքանդի ներքին արյունահոսություն,ճնշումի կտրուկ անկում, и ваш муж полетит к чертовой матери, понятно  դե до свидания։Բարի ախորժակ Արմեն ջան։Հա ես մի քանի րոպեից կիջնեմ операционный блок։Իյա Արմեն ջան արի արի,հլը նայի ոնցա լավացել, щеки порозовели гемоглобина очевидно поднялся,ոնց ես քեզ զգում։Լավ եմ Ռուբեն Տիգրանովիչ,էս մի ամսվա մեջ լավ ոտի կգնա,ոնց էիր ասում как огурчик։Բա քամակդ ինչիա սենց շարժվում։Հա էսի հեչ նոր դուրսը ընկերոջս տեսա ծամոն հյուրասիրեց։

","Հայկո,Մկո",3,"Արմեն,Ռուբեն Տիգրանովիչ",Հիվանդանոց,այլ,հայերեն,TRUE,FALSE,FALSE
Eline Babayan,Kargin Haghordum sketch 584 (Hayko Mko),https://www.youtube.com/watch?v=yDCiy6d_AoI&list=PLDDuEZQEC_uAuSrUXsFVBLNkPQY3BHzLQ&index=185&t=0s,Ձյաձյա ծորակին բոյս չի հասնում ունիտազի ջուրն էլ վերջացավ։,"Ոնց դու մամայի,պապայի հետ դաչայում չես։Չէ ինձ տան են թողել։Տանը ուրիշ մարդ կա։Չէ։Էդ լավա։Ձյաձյա բա դու ով ես։Ոնց մաման,պապան քեզ չեն զգուշացրել ես ձեր նոր հավաքարարն եմ։Ազիզ ջան ես միքիչ ծարավել եմ գնա 1 բաժակ ջուր բեր խմեմ հա,մինչև ես ձեր տունը սրբեմ,արագացրա։Բերեցի ձյաձյա։Բերեցիր,էս ինչ շուտ բերեցիր,դե տուր խմեմ,ապրես,բա ինչի ես էսքան փոքր բաժակով բերել,ձյաձյան մեծ դու փոքր բաժակով ես բերել,դե գնա մի հատ ձյաձյային մեծ բաժակով բեր,լիքը լից բեր հա։Բերեցի ձյաձյա։Էս ինչ արագ ես բերում ազիզ ջան,ապրես,դե գնա մի հատ էլ ձյաձյային բեր։Ձյաձյա բերեցի։Բերեցիր հա,աչքիս ձեր ջուրը մշտականա հա,ապրես ազիզ ջան,դե գնա ձյաձյային մի հատ էլ բեր լավ սառացրա բեր։Ձյաձյա բերեցի։Ջուրն ես բերել,տուր,մերսի,ապրես ազիզ ջան դե գնա մի հատ էլ բեր։Ձյաձյա ծորակին բոյս չի հասնում ունիտազի ջուրն էլ վերջացավ։","Հայկո,երեխա",2,Ոչ մի,Տուն,մութ,հայերեն,TRUE,FALSE,FALSE
Eline Babayan,Kargin Haghordum sketch 585 (Hayko Mko),https://www.youtube.com/watch?v=9K9gMmUjG88&list=PLDDuEZQEC_uAuSrUXsFVBLNkPQY3BHzLQ&index=186&t=0s,"Այ որ մարդու բախտը բերումա բերումա,օրինակ ես էն օրը  տեղաշորից տղամարդու թումբաններ գտա,էն էլ իմ ռազմերը չէր։","Տան ես լսի մի բան ռաքացրա ուտեմ սոված մեռա։Էս ինչ բլուզկա ես հագել։Էս լավնա չէ ասա։Հա բայց ես աշխատավարձ չեմ ստացել,որտեղից քեզ։Լսի որ պատմեմ չես հավատա,պատմեմ։Հա։Էաօր գնում եմ գործի մեկ էլ տենամ էն мусоропровод-ի մոտ ցելոֆանա դրած,բացեմ մեջը լրիվ նոր բլուզկայա,էս փորջեցի բախտս բերեց տոշնի իմ ռազմերը։Իրոք որ բախտդ բերելա։Շատ լավնա չէ։Շատ լավնա։Հետո տալիան էլա լավ ընդգծում,լսի արագացրա էդ թող մի հատ ձվածեղ արա հոգնած մեռա;Վայ ինչ լավա տան ես սոված մեռնում եմ։Էդ վզնոցը քեզ որտեղից։Էս,որ պատմեմ չես հավատա,բա մատանին չես ասում հլը ինչ լավնա,նստում եմ էսօր տաքսի տենամ կողքս էս վզնոցնա դրած ու էս մատանին պատկերացնում ես 70 պռոբ,վարորդին հարցնում եմ ասում եմ կարողա ձերնա ասումա չէ ես էլ վերցրեցի միանգամից ինչի ես չվերցնեմ ես չվերցնեմ ուրիշը կվերցնի,փորձեցի բախտս բերեց տոշնի իմ ռազմերնա։Իրոք որ քո ռազմերնա։Մի բան արա ուտեմ էլի սոված մեռա։Մի հատ էդ մանր մունր գործերդ թող ստեղ ուշադրություն դարձրա,շուբաս գնահատի մի հատ,մահա չէ։Էս որտեղից էս շուբան։Էս նենց էղավ որ ես էլ րեմ հավատում մտա լիֆտ տենամ կախիչով լրիվ նոր մի հատ շուբայա կախած փորձեցի բախտս բերեց տոշնի իմ ռազմերը։Այ որ մարդու բախտը բերումա բերումա,օրինակ ես էն օրը  տեղաշորից տղամարդու թումբաններ գտա,էն էլ իմ ռազմերը չէր։","Հայկո,Մկո",2,Ոչ մի,Տուն,լուսավոր,հայերեն,TRUE,FALSE,FALSE
Eline Babayan,Kargin Haghordum sketch 586 (Hayko Mko),https://www.youtube.com/watch?v=SG5_AtifkaE&list=PLDDuEZQEC_uAuSrUXsFVBLNkPQY3BHzLQ&index=187&t=0s,"Գիտես ջան ես էլ քեզ բան ունեմ ասելու ես էլ եմ քեզ ուրիշի հետ դավաճանել։Բայց ես չէի ուզում։Դե ջան ես էլ չէի ուզում։

","Անցի Դմբուզյան,իի արա միքիչ նիհարի,դուք ընդամենը 10 րոպե ժամանակ ունեք։Ոնց ես։Լավ,դու ոնց ես։Ես լավ չեմ,հաց կերել ես։Հա։Ջութակս ոնցա։Լավա,քեզ տաք շորեր եմ բերել։Մերսի ջան։Գիտես ջան ես քեզ բան ունեմ ասելու,արդեն երկար տարիներա դու ստեղ ես,ես երկար ժամանակա մենակ եմ էնտեղ,ջահել կին եմ,գիտես ջան ես քեզ ուրիշի հետ դավաճանել եմ։Գիտես ջան ես էլ քեզ բան ունեմ ասելու ես էլ եմ քեզ ուրիշի հետ դավաճանել։Բայց ես չէի ուզում։Դե ջան ես էլ չէի ուզում։","Մկո,Հասմիկ",3,Դմբուզյան,Այլ(գրեք ավելացնենք),լուսավոր,հայերեն,TRUE,FALSE,FALSE
Eline Babayan,Kargin Haghordum sketch 587 (Hayko Mko),https://www.youtube.com/watch?v=g8o0K9ajzsQ&list=PLDDuEZQEC_uAuSrUXsFVBLNkPQY3BHzLQ&index=188&t=0s,Արա էս ինչ զույգեր ես բերում արա ոնցոր ծնարանի դիրեկտոր ըլնես։Կարբիթ։Հա ապեր։,"Արա էս ինչ զույգեր ես բերում արա ոնցոր ծնարանի դիրեկտոր ըլնես։Կարբիթ։Հա ապեր։Ախպեր դու ամուսնացած ես ընգեր։Չէ ապե։Բայց նենց լեվի մեվի էթում ես չէ։Հա ապե լեվի ով չի էթում։Բայց նենց որ լեվի էթում ես լողանում ես չէ։Հա խի։Աչքիս քեզ վաղուց պետքա լեվի էթալ,արա ախպեր էս ինչ հոտա գալիս վրիցդ։Ախպերս ասել եմ չէ ոնցա էս մեր գաղութում ՑՊ-ում  վիգենյայի ոտերը լվում են 2օրը մեկ,ձեռքերի տակերը 3 օրը մեկ,քիթ կոկորդ ականջը լվում եմ 4-5 օրը մեկ,զաթոմ աչքերն էլ լվում եմ ամիսը մեկ,բայց ով որ չի ուզում աչքերի մեջ լվա ոտերը պտի ամեն օր լվա։Անցի պապի։Ուստա ջան չդիմացար էլի,կյանքիդ վերջին տարիները որոշեցիր անցկացնել էս մեր ճշտի օֆիսում վատ չի վատ չի,դէ հլը ասա տենամ ինչ ես ինչացու ես,թե ով ես ովացու ես։ Մեծ մարդ եմ տղերք ջան,բիջա մարդ եմ,կյանքում մեկ էլ մուտիլովշիկ եմ,մուտիտ եմ անում։Մուտիտ,հա էտի գիտենք ինչա։Բիձա հլը դու ասա էդ որնա։Էդ որնա տղերք ջան,կարամ նենց մուտիտ անեմ սաղիդ գլուխները ջարդեն։Արա այ հինավուրց, դու գիտես դու ուր ես եկել ,արա էսի աշխարհի հավաքականա արա,ստեղի տղերքը բացի ճշտից ուրիշ մարդ չեն ճանաչում,նենց որ քո մուտիտները չի անցնի ստեղ։Տղերք ջան ես էլ չեմ ուզում,շառից փորձանքից հեռու,դուք ձեր համար էդտեղ ես իմ համար էստեղ։Չէ դու սենց հեշտ չես պրծնի ասել ես պտի անես հենց հիմա ստեղ թաղումդ կկազմակերպենք,ու թաղմանդ ժամը ոչ մեկի չենք ասի,մենակ դու ես մասնակցելու,դե հլը հիմա մուտիտ արա տենանք ոնցա գլուխներս ջարդվում։Տղերք ջան Աստված վկա ես չէի ուզում,դուք ստիպեցիք;Արա այ մենթեր մենք մեր կամերի տղերքով հավաքվել ենք ու որեշել ենք որ դուք սաղդ мусор եք,թափելու բան եք,ու մենք թքած ունենք ձեր վրա ,ու ձեզանից մի կաթիլ չենք վախում ու եթե ձեր մեջ գոնե մի հատ տղա կա ու որ մտածումա որ էդի տենց չի թող գա ստեղ ու արտահայտվի էղավ այ մուսրներ։Աչքիս շատ եք հաբրգել էսօր հաստատ գլուխներդ ջարդելու եմ ,պապի ջան հլը դու մի կողմ։","Հայկո,Մկո",3,Ոչ մի,Այլ(գրեք ավելացնենք),այլ,հայերեն,TRUE,FALSE,FALSE
Eline Babayan,Kargin Haghordum sketch 588 (Hayko Mko),https://www.youtube.com/watch?v=YGHF0z6vcfg&list=PLDDuEZQEC_uAuSrUXsFVBLNkPQY3BHzLQ&index=189&t=0s,Բայց շեֆ ջան ամսի 1-ին զանգեցինք ասեցինք գանք ասեցիք չէ մի էկեք։Բա ճիշտ եմ ասել արա կարողա ամեն մեկը մեր օջախ որք դնի,"Վայ շեֆ ջան ներս անցեք,շատ զգացված եմ։Արա Գևորգյան բայց դու ինչ անդուր աշխատուղ դուրս եկար արա շեֆդ չգա ձեր նոր տարին շնհավորելու ոչ մեկիդ մտքով չի անցնի գնանք շեֆի նոր տարին շնհավորենք։Բայց շեֆ ջան ամսի 1-ին զանգեցինք ասեցինք գանք ասեցիք չէ մի էկեք։Բա ճիշտ եմ ասել արա կարողա ամեն մեկը մեր օջախ ոտք դնի,լավա ես կգամ շնհավորեմ,հլը արի տենանք ինչ սեղան ես գցել;իյա Գևորգյան էս հիմար թութակին խի ես պահում արա,մի հատ նորմալ կենդանի պահի ձիա,շունա,էշա,գոմեշա,լավ արի;արա էս ինչ սեղան ես քցել Գևորգյան բա էսի նոր տարվա սեղանա արա ամոթ չես անում արա ներ տարուն բա սենց սեղան կգցեն արա,ըսկի մի հատ գարյաչի չկա սրա վրա։Ախր շեֆ ջան ինժեների աշխատավարձը գիտեք։Գևորգյան ես դրա համար չեմ ասում։Չէ ես էլ չեմ բողոքում։Լավ էս արաղն էլ բերեցի ասի գոնե մի հատ նորմալ խմելու բան ունենաս։Շնորհակալ եմ շատ շնորհակալ եմ։Բայց աշխատավարձիցդ պիտի հանեմ էս գումարը գիտես տարին փակում ենք խառնա վիճակը։Շեֆը տականքա։Ինչ ասեց։Էս ձեր հետ չի կնոջս շեֆի մասինա խոսքը։Քո շեֆը տականքա։Փաստորեն ըհը։Հլը դրան ժարիտ արա բեր։Շեֆ ջան բայց մեր ընտանիքի սիրած թութակնա ես չեմ կարա։Արա ասում եմ ժարիտ արա բեր շեֆիդ վիրավորումա շուտ արա գործից կհեռացնեմ դավայ։Շեֆ բայց էս աշպերսա նվիրել 100դոլար փողա տվել,չեմ կարա չէ։Ոչինչ դու ժարիտ արա բեր ես քո 100դոլարը կտամ,շուտ-շուտ արա։Շեֆը տականքա։Շուտ-շուտ արա։Ապրի Գևորգյանը ապրի,այ էս իրոք ամանօրյա սեղանա։Շեֆ ջան մինչև  սկսելը էն փողը չէիք տա։Ինչ փող։Դե էդ 100դոլարը էս թութակի համար որ խոսք տվեցիք։Ոնց էս թութակի համար 100 դոլար։Դուք ասեցիք։Արա այ ցավդ ատնեմ մտնես էն ամենաթանկանոց ռեստորան սրա համար 20դոլարից ավել չեն ուզի,ինչ 100 ուզում ես ուզի ուզում ես չէ  20 դոլար եմ տալի։Ասում էի չէ շեֆը տականքա։","Հայկո,Մկո",2,Գևորգյան,Տուն,լուսավոր,հայերեն,TRUE,FALSE,FALSE
Eline Babayan,Kargin Haghordum sketch 589 (Hayko Mko),https://www.youtube.com/watch?v=oewiZYAGujY&list=PLDDuEZQEC_uAuSrUXsFVBLNkPQY3BHzLQ&index=190&t=0s,Գիտեմ Գագ ջան գիտեմ դրա համար էլ քեզ թույն էլ եմ։,"Հիմա հանգիստ շնչեք ,պարզա մի փոքր խորը  շնչեք ըհը պարզա,ես նորից եմ կրկնում այս վիճակում ձեր ամուսնուն պետք է տեղափոխել  հիվանդանոց  բայց եթե դուք  չեք ուզում ինչ ասեմ եկեք այսպես անենք մինչև առավոտ սպասենք եթե վիճակը չլավացավ անպայման տեղափոխեք հիվանդանոց պարզ է,դե ինձ կներեք ես շատ կանչեր ունեմ պետք է գնամ։Շատ շնորհակալ եմ որ եկաք,Կարեն ջան բժշկուհուն ճանապարհիր հա։Պապ ջան միքիչ չլավացար։Նորմալ եմ բալես,նորմալ եմ դու ավելի լավա մի հատ պապայի համար թեյ դիր։ Պապ ջան բայց քեզ հիմա թեյ կարելիա։Բալա ջան ինչ կարևորա կարելիա կարելի չի,դու գնա թեյ դիր։Գնա գնա բալես։Մարգարիտ դուռը փակի։Ինչի համար։Փակի բան կա ասելու;Աղջի Մարգարիտ լավ չեմ ,աչքիս մինչև առավոտ չձգեմ,դրա համար մինչև էս աշխարհից հեռանալը ուզում եմ քեզ մի բան խոստովանել ,ես քո հանդեպ  շատ մեծ մեղք եմ գործել,ուզում եմ որ դու իմանաս դրա մասին,ես քրոջդ հետ քնել եմ,համ էլ մորդ հետ էլ եմ քնել։Գիտեմ Գագ ջան գիտեմ դրա համար էլ քեզ թույն էլ եմ։","Հայկո,Մկո",2,"Մարգարիտ,Գագ",Ննջարան,լուսավոր,հայերեն,TRUE,FALSE,FALSE
Eline Babayan,Kargin Haghordum sketch 590 (Hayko Mko),https://www.youtube.com/watch?v=JfDA604ztNw&list=PLDDuEZQEC_uAuSrUXsFVBLNkPQY3BHzLQ&index=191&t=0s,"Ընկեր ջան ախր  ես էլ քեզ էտ եմ ասում ծխել չի կարելի,խմել չի կարելի,յուղոտ բաներ ուտել չի կարելի,սեքսը մենակ սեփական կնոջ հետ,ինչի սեփական կնոջ հետ որովհետև ամիսը մեկ անգամից ավել չի կարելի։","Ընկեր ջան ախր  ես էլ քեզ էտ եմ ասում ծխել չի կարելի,խմել չի կարելի,յուղոտ բաներ ուտել չի կարելի,սեքսը մենակ սեփական կնոջ հետ,ինչի սեփական կնոջ հետ որովհետև ամիսը մեկ անգամից ավել չի կարելի,դե լավ։Ռոբերտ Արծրունովիչ ձեզ մի հարցով կարելի է։Համէ։Ռոբերտ Արծրունովիչ էս մեր 6-րդ պալատի հիվանդը շատ վատ վիճակումէ և վիճակը վատանում է։Էդ ինքնա ձեզ ասել։Այո ինքնա ինձ ասել։6-րդ պալատը Մարդանյան նշանակումները նորմալա,բուժումը ընթանումա նորմալ ,դիագնոզը 100-անոց,լավ ուրեմն աչոն ջան լսի քեզ ինչ եմ ասում հիվանդները ունեն սենց մի իրանց վիճակը վատացնելու սովորություն,իրենց թվումա որ իրանք շատ վատ են,բայց մենք բժիշկներս գիտենք որ իրենց թվումա,դրա համր աչոն ջան մյուս անգամ դու ինձ չասես որ հիվանդի վիճակը վատա,ասա հիվանդին թվումա որ իրա վիճակը վատա,կամ մի ասա որ հիվանդին վերքը ցավումա ասա հիվանդին թվումա որ իրա վերքը ցվումա,կամ մի ասա ջերմությունը բարձրա ասա հիվանդին թվումա որ իրա ջերմությունը բարձրաէդ իրանց թվումա,հասկացար։Այո։Էսօր դուք եք հերթապահ։Դե ձեզ հաջողություն։Շնորհակալություն։
Հաջորդ օրը
Доброе утро աչոնիկ։Բարև ձեզ։Ոնց անցավ հերթապահությունը։Ոչինչ շնորհակալություն։Ոնցա մեր 6-րդ պալատի հիվանդը։6-րդ պալատի հիվանդին թվումա որ ինքը մահացելա։
","Հայկո,Մկո",2,Ռոբերտ Արծրունովիչ,Հիվանդանոց,լուսավոր,հայերեն,TRUE,FALSE,FALSE
Eline Babayan,Kargin Haghordum sketch 591 (Hayko Mko),https://www.youtube.com/watch?v=BKzC7Ph5FxM&list=PLDDuEZQEC_uAuSrUXsFVBLNkPQY3BHzLQ&index=192&t=0s,Ամեն մի հարբած չգիտես ոնց հասնումա 8-րդ հարկ,"Էս ինչ տղամարդա,ամեն մի հարբած չգիտես ոնց հասնումա 8-րդ հարկ,սրան որ լողացնես լավ էլ տեսքի կգա,բայց ոնցոր լավ մարմին ունի,5 տարի սենց տղամարդու մասին էի երազում հը 4-ից 5-ա պակաս էսա հացի խանութը կփակվի ես էլ հաց չունեմ,բա ինչ անեմ է,լավ էսի մեկա խմածա ուր պիտի գնա,գնամ շուտ հաց առնեմ գամ,էս անտեր լիֆտը ինչի չի գալիս,լավ որքով իջնեմ,մեկն էլ կմտածեր թե 5 տարի հաց չէի կերել։",Մկո,2,Ոչ մի,Այլ(գրեք ավելացնենք),լուսավոր,հայերեն,TRUE,FALSE,FALSE
Eline Babayan,Kargin Haghordum sketch 592 (Hayko Mko),https://www.youtube.com/watch?v=XVCfkSZnTLE&list=PLDDuEZQEC_uAuSrUXsFVBLNkPQY3BHzLQ&index=193&t=0s,Նայելով ձեր արտաքին տեսքին ես կարող եմ ասել որ դուք այդ պատճառը չեք հանդիսանում ,"Եվ այդ պահին կնոջը հարկավոր է ընդամենը մի փոքր պատճառ որ նա գրգռվի,բայց նայելով ձեր արտաքին տեսքին ես կարող եմ ասել որ դուք այդ պատճառը չեք հանդիսանում դրա համր էդ պրոբլեմը ուրիշ ձև կլուծենք։Ախր բժիշկ ջան իմ կնոջ մոտ իմ նկատմամբ ոչ մի հետաքրքրություն չի առաջանում,ինքը իմ նկատմամբ անտարբերա։Դե ես էլ էդ եմ ասում մենք չենք լուծում ձեր պրոբլեմը օգտագործելով ջեր պոտենցիալը,մենք լուծում ենք ձեր պրոբլեմը օգտագործելով այս դեղի պոտենցիալը,ընդամենը 1 հաբ և դուք կտեսնեք ինչ հետաքրքրություն կառաջանա ձեր կնոջ մոտ ձեր նկատմամբ,կգցեք ճաշի մեջ կամ կխաբեք կասեք ուրիշ դեղա,բայց ես ունեմ մի խնդրանք էդ էծի մորուքը մինչև տուն գնալը խնդրում եմ սափրեք հա, որովհետև նրա հակահիգենիկ և հակասանիտարական տեսքը 0-ի էի հավասարեցնում էս դեղի արդյունքը։Շնորհակալություն։Էծ։Համովիկ ոնց ես։Վատ եմ։Զբաղվենք միքիչ։Չես տենում որ զբաղված եմ արդեն։Բզզզզզզզ։Ֆու։Բզզզզ։Էհ դե։Գնանաք էսօր մի տեղ նստենք,էէ պառկենք։Որտեղ։Սպալնայում։Ուր ուզում ես գնա պառկի կամ  նստի իմ գլուխը ցավումա ես չեմ գալիս։Մի հատ լավ գլխացավի դեղ տամ կյանքուլիկիս։Տուր։Հը։Տղամարդ եմ ուզում,տղամարդ եմ ուզում։Իի ես էլ եմ ուզում։","Հայկո,Հայկո,Մկո",2,Ոչ մի,Տուն,լուսավոր,հայերեն,TRUE,FALSE,FALSE
Eline Babayan,Kargin Haghordum sketch 593 (Hayko Mko),https://www.youtube.com/watch?v=oLDjVa73B4o&list=PLDDuEZQEC_uAuSrUXsFVBLNkPQY3BHzLQ&index=194&t=0s,Ընձի մի հատ զուգարանի թուղթ տվեք արա։,"Բարև ձեզ ես այս խանութի մենեջերն եմ ,մեր խանութում դուք կարող եք գտնել ձեզ հետաքրքրող ցանկացած ապրանք,ասեմ ավելին մենք մեր բոլոր հաճախորդներին ցուցաբերում ենք անհատական մոտեցում,ինչով կարող եմ ձեզ օգնել։Ինձ լվացքի փոշիա պետք։Լվացքի փոշիները կողքի բաժնում են։Շնորհակալություն։Բարև ձեզ ես այս բաժնի վաճառողուհին եմ,մեր բաժնում ։Պարզա ինձ լվացքի փոշիա պետք։Իսկ ձեռքով լվալու թե ավտոմատ։Ավտոմատ։Այդ դեպքում անցեք դիմացի բաժին։Բարև ձեզ ես այս բաժնի վաճառող։Գիտեմ,ինձ լվացքի փոշիա պետք ավտոմատ լվացման համար։Իսկ սպիտակ շորերի համար թե գունավոր։Գունավոր։Բարի այդ դեպքում մոտեցեք կողքի բաժին։Բարև ձեզ,ես։Մի վայրկյան ինձ պետքա լվացքի փոշի ավտոմատ գունավոր հագուստ լվալու համար,թղթից տուփով ֆիրման վվաբշե կապ չունի,իսկ սինթետիկ թե բամբակյա հագուստի համար։Էսի ունիտազսա էս զուգարանիս մետլախը էս էլ կաֆելը,քամակս էլ կես ժամ առաջ եմ ցույց տվել ընձի մի հատ զուգարանի թուղթ տվեք արա։","Հայկո,Մկո",2,Ոչ մի,Խանութ,լուսավոր,հայերեն,TRUE,FALSE,FALSE
Eline Babayan,Kargin Haghordum sketch 594 (Hayko Mko),https://www.youtube.com/watch?v=XTx8271LtQo&list=PLDDuEZQEC_uAuSrUXsFVBLNkPQY3BHzLQ&index=195&t=0s,էսի տանը նստած քաշումա ամբողջ շենքը սենց ծխապատվումա ,"Արա էս ինչ տխուրա արա։Շեֆ կարողա հետներս պիտի զենք վերկալեինք։Ինչ զենք Սողոմոնյան կարողա գիտես էսի Рэмбо 6 դու էլ դրա մեջի նիկոպյաստն ես,սա սովորական կլասիկ թմրամոլա սրա համար շենքի բնակիչներն են զանգել բողոքել ասում են որ էսի տանը նստած քաշումա ամբողջ շենքը սենց ծխապատվումա ու դաժե եթե էդ ժամանակ շենքում մի վատ բանա լինում ամբողջ շենքը ծիծաղումա,դրա համար հիմա մենք էս էշին կբռնենք կտանենք բաժին մի 2 հատ թաթալոշ կտանք ականջները կձքենք անվերջության մինչև տենանք ովա սրա համար գալի։Ովա։Ստիկանությունիցա բաց արեք։Չջոգի ապեր։Արա քաղմասիցա արա բացի։Ինչ կա որ։Ուզում ենք խոսանք։Խի դուք քանի հոգով եք ախպեր։2։Դե դուք իրար հետ խոսացեք էլի։

",Հայկո,2,Սարգսյան,Տուն,լուսավոր,հայերեն,TRUE,FALSE,FALSE
Eline Babayan,Kargin Haghordum sketch 595 (Hayko Mko),https://www.youtube.com/watch?v=hxad0XaMleI&list=PLDDuEZQEC_uAuSrUXsFVBLNkPQY3BHzLQ&index=196&t=0s,Դրանից վերցրի տեղը փող տվի,"Շատ լավն էր ապե,էս առել էիր։Չէ ախպեր կարողա ես էն տղեն եմ որ պիտի առնեմ էն մեր կողքի քուչի Բոյան կա դրանից վերցրի տեղը փող տվի։Մալադեց ապե լավ ֆս էր թրցրեց հանեց մինչև 100-րդ հարկ։Ապե որ ասում ես թրցրեց մի հատ բան հիշա էլի խոսքի մեկը 100-րդ հարկից թռնումա ներքև։Սամո ախպեր բան էիր ասում։Ապե ասում եմ կարողա ես պիտի ավլեմ էն մեր կողքի քուչի Բոյան կա էդ դրանից վեկալա տեղը փող տվեցի։Արա ախպեր ջան էդի չէ որ թռնումա ինչա լինում։Ասում եմ  որ մեկը 100-րդ հարկից թռնի ներքև  խոսքի ինչքան վախտ կթռնի։Ապե դե մի 5 օր կթռնի։Հետո կմեռնի։Ապե կմեռնի բա 5 օր առանց հաց ու ջուր բա ինչ կլինի։Հա լավ ինչ եք տխուր բաներից խորացել ավելի լավա եկեք մտածենք թե գալող նոր տարին որտեղ ենք նշելու հը։Ապե չգիտեմ էս գալող նոր տարին որտեղ եմ նշելու բայց էս նոր տարի Հավայան կղզիներում  եմ նշել,ապե  մի հաշք տարածք մի հրաշք անձնավորություն ցավդ տանեմ ավազ պեսոկ արև մուլատկեք բլանդինկեք ու լիքը աղջիկ շամպանսկին էլ ձրի ախպեր,սաղ նոր տարվա գիշերը черный икра քցքւմ էի հացին կանյակը խմում էի իկրեն ուտում էի խմում էի ուտում էի,ով չի էղել տղերք ջան խորհուրդ եմ տալի։Ախպեր ես էս նոր տարին նշել եմ Բրազիլիայում 4 բառով ասեմ դուք մի հատ խորացեք կառնավալ երաժշտություն բմբուլներ ու լիքը տկլոր աղջիկ ով չի էղել ախպեր թող գնա տենա ախպեր։Սամո ջան բա դու էս նոր տարին որտեղ ես նշել ։Ոնց էս նոր տարին միասին ենք նշել կուխնիում իրար հետ նստած էինք,պրոստը դուք քաշել էիք ես չէ։","Հայկո,Մկո",3,Սամո ,Տուն,լուսավոր,հայերեն,TRUE,FALSE,FALSE
Eline Babayan,Kargin Haghordum sketch 596 (Hayko Mko),https://www.youtube.com/watch?v=2ORSbLAP2hY&list=PLDDuEZQEC_uAuSrUXsFVBLNkPQY3BHzLQ&index=197&t=0s,"Քուր ջան  հազար ներողություն երևի պադեզդը շփոթել եմ։

","Դե ասա որ շորը հագնեմ։ԸԸ ինչ շոր արի միքիչ էլ քնենք։Գժվել ես ինչա մոռացել ես անցած անգամ ինչ պատմության մեջ ընկար ուզում ես էլի կրկնվի շուտ արա հագնվի գնանք։Ես պառկում եմ քնմե։Ասում եմ հագնվի գնանք ուշա արդեն։Քնում եմ։Գնա։Քնում եմ։Գնա։Արա ով ես դու արա,տեղաշորիս մեջ ինչ ես անում արա,արա ով ես դու արա ինչ գործ ունես իմ տան մեջ արա,հըն արա,արա ինչ գործ ունես դու մեր տանը,շակալ։Քուր ջան  հազար ներողություն երևի պադեզդը շփոթել եմ։","Հայկո,Մկո",3,Ոչ մի,Ննջարան,լուսավոր,հայերեն,TRUE,FALSE,FALSE
Eline Babayan,Kargin Haghordum sketch 597 (Hayko Mko),https://www.youtube.com/watch?v=Pc5yHdc127k&list=PLDDuEZQEC_uAuSrUXsFVBLNkPQY3BHzLQ&index=198&t=0s,"Աղչի գժվել ես կմտածեն ուռում-մուռում ենք։

","Ինչ կա։Պարոն տնօրեն Սիմոնյան էր զանգել քաղաքապետարից։Նստի,բա պարոն տնճրենին ուրիշ ասելու բան չունես։Չէ։Բա ուզում ես մի հատ աջ ձեռք անեմ։Չէ։Էս ինչա հետս կատարվում հահահա։Կներեք։Ով ես։Ես ձեր դիզայն Art-ն եմ։Երևի նոր ես հա ընդունվել գործի։Այո երեկ չէ առաջին օրը։Բա էդ ինչա ձեռիդ մեջ։Սա նոր ապրանքատեսակների էսքիզներն են,վերցրեք։Չէ ավելի լավա դիր սեղանին;Հլը մի րոպե,ես ուղղակի ուզում էի ասեի որ դուք ունեք բոլոր նախադրյալները մեր ֆիրմայում լավ առաջ գնալու համար։Շնորհակալություն։Ուրեմն կմտնեք փոխտնօրենի մոտ ինքը ձեզ աջ ջեռքի կանոնը կբացատրի։Ինչ։Լավ էլ մի երկարացրա գնա ինքը սաղ կասի;Էսքիզները վեր կալ մտի մոտս մի քիչ խզբզենք;Աղչի հանվի ինչ ես նստել արա։Վայ գոնե դուռը փակեք։Դուռը,աղչի գժվել ես կմտածեն ուռում-մուռում ենք։

","Հայկո,Հասմիկ",2,Ոչ մի,Այլ(գրեք ավելացնենք),լուսավոր,հայերեն,TRUE,FALSE,FALSE
Eline Babayan,Kargin Haghordum sketch 598 (Hayko Mko),https://www.youtube.com/watch?v=N6GbyLhKZ70&list=PLDDuEZQEC_uAuSrUXsFVBLNkPQY3BHzLQ&index=199&t=0s,Գուգո ձյաձյա էրեկվա ասածս ուժի մեջա;,"Հովո ջան բարի օր ապեր։Բարև Գուգո ձյա։Ոնց ես։Լավ եմ,Գուգո ձյաձյա հլը ասա 5։5 ազիզ։Ու  տես մի վագոն խլինք։Հովիկ էս ոնց ես մեծերի հետ խոսում հլը հորդ կանչի։Ըը։Ի Գոքոր,այ Գոքոր։Բարլուս Գուգո ջան ինչ կա։Բարի օր Գոքոր ջան ցավդ տանեմ տղեդա գիտես տղուս պես սիրում եմ բայց դե միքիչ մեծերի հետ խոսալ սովորացրու։Ինչ ես ասել արա Գուգո ձյաձյային,ինչա ասել  որ։Արա դե Գոքոր ջան  ամոթելա ասեմ ասումա ասա5 ասում եմ 5 ասումա ուտես մի վագոն խլինք։Արա ես քեզ չեմ ասել մեծերի հետ տենց չխոսաս ,արա մյուս անգամ էդ բառերը բերանիցդ չլսեմ  էղավ արա արի քեզ ասեմ արա։Իյա Հովիկ էս աչքիս պապան էրեկ լավ դաստիարակչական աշխատանքա հա տարել,հը բացատրեց որ մեծերի հետ էդ բառերով չեն խոսում մի հատ էլ ասեմ 5։Ասա։5։Գուգո ձյաձյա էրեկվա ասածս ուժի մեջա;","Հայկո,Մկո,երեխա",3,"Հովո,Գուգո,Գոքոր",Դուրս,լուսավոր,հայերեն,TRUE,FALSE,FALSE
Eline Babayan,Kargin Haghordum sketch 599 (Hayko Mko),https://www.youtube.com/watch?v=xFKrPTRGLjU&list=PLDDuEZQEC_uAuSrUXsFVBLNkPQY3BHzLQ&index=200&t=0s,Էն վախտ փող պետք չէր։,"Ինչա պատահել։Ինչա։Ասում եմ ինչա էղել։Բժիշկ ջան լավ չեմ լսում։Փակ եք աչքերը։Լավ տենում եմ բայց լավ չեմ լսում։Ասում եմ փակի փակի աչքերը փակի։Հա փակեմ բուժեք;Չեք բուժում բժիշկ։Փակեք փակեք։Բժիշկ ստեղ եք բուժեք էլի բուժեք։Փակի փակի։Լավ փակեմ բուժեք։<հրացանի կրակոց>Նորմալա ամեն ինչ պրացեդուրայա։Բժիշկ ջան բուժեք էլի լավության տակից դուրս գամ։Հանգիստ նստեք ;Ոնց հլը բռնի էսի,մյուս ականջդ բեր,չի կարող պատահի,բռնի։Սկսեցի լսել արդեն լավ բժիշկ։Դու տեղյակ ես որ ականջներիդ մեջ 2 հատ 100 դրամանոց կա։Իհարկե գիտեի բժիշկ ջան։Ու վաղուցա տենց։Արդեն մի ամիսա բժիշկ ջան։Բա ինչի շուտ չէիր գալիս։Էն վախտ փող պետք չէր։","Հայկո,Մկո",2,Ոչ մի,Հիվանդանոց,լուսավոր,հայերեն,TRUE,FALSE,FALSE
Eline Babayan,Kargin Haghordum sketch 600 (Hayko Mko),https://www.youtube.com/watch?v=dfwG8k21KPM&list=PLDDuEZQEC_uAuSrUXsFVBLNkPQY3BHzLQ&index=201&t=0s,ՈՒֆ հոգիս գնաց։,"Ըհը շարժվեցինք։Ես էս  ճամպրուկը մի հատ տեղավորեմ։Հը ինչա էղել հասանք։Կներեք դեմ չէիք ճամպրուկը ձեզ մոտ դնեի։Հա դիր այ քուրս։Շնորհակալ եմ։Մի տնից շենք մի կուպեից ենք։ՈՒֆ հոգիս գնաց։Շատ ես տանջվում քեզ տղամարդա պետք։Լավ չես ուզում ամուսնանաս սիրեկան պահի էս դեպքերում համ քեզ կօգնի համ էլ փող կտա,ինձնից օրինակ վերցրու տես էկավ ճանապարհեց ամիսն էլ 500 դոլար փողա տալիս։Ախր ես չեմ հասկանում դու ոնց ես համեմատոմ ինձ քո հետ,հլը քեզ նայի քո տեսքը,քո շորերը,քո մակյաժը, հլը իմ վիճակը որ մի տղամարդը կուզենա ինձ ամիսը 500 դոլար փող տա։Լավ չես ուզում մի սիրեկան ունենաս 2-ը պահի թող ամեն մեկը 250 տան։Դու մտածում ես ինչ ես ասում, մենակ ինձ որ ամիսը 250 դո;ար փող տա դու պատկերացնում ես ամիսը ինչքան փող պիտի աշխատի,ես որտեղից տենց տղամարդ ճարեմ էն էլ մեկի տեղը 2 հատ։Լավ 5 հոգի պահի թող ամեն մեկը 100 դոլար տա։Ախր ինքդ մտածի եթե ինքը ինձ ամսեկան 100դոլար փողա տալիս ուրեմն ինքը աշխատողա չէ,ուրեմն ես կարող եմ հանդիպես էդ 5 հոգու հետ մենակ ոչ աշխատանքային օրերին,բա ոնց եմ 5 հոգու հետ հադիպելու շաբաթ-կիրակիի ընթացքում։Լավ դու էլ 10 սիրեկան պահի կես դրույքով աշխատող ամեն մեկը թող ամսեկան 50 դոլար փող տա։Աղջկեք ջան որ հասնեք  500 դրամի ինձի ձեն կտաք։","Հայկո,Մկո",3,Սաթիկ,Գնացք,լուսավոր,հայերեն,TRUE,FALSE,FALSE
Էմմա Մելքոնյան,Kargin Haghordum sketch 221 (Hayko Mko),https://www.youtube.com/watch?v=eGBMeksUdew&list=PLDDuEZQEC_uDcYhabzxMCFCs3vGGSGVX4&index=22&t=0s,Երեխաներ իմ մարնմի մասերից որն եք հավանում,"Երեխաներ այսօր մենք կանենք գուշակություն, ես հիմա կկանգնեմ և դուք կասեք թե իմ մարմնի մասերից որն է ձեզ ֆուր գալիս, ըստ դրա ես կասեմ թե դուք ինչ եք դառնալու։ Օրիանկ Արփինե իմ մարնմի մասերից քեզ որն է դուր գալիս։ Ձեր մազերը ընկեր Փիրումյան։ Արփինե ջան դու կդառնաս վարսահարդար։ Էրիկ իսկ քեզ իմ մարմնի մասերից ո՞րն է ավելի շատ դուր գալիս։ Ձեր աչքերը։ Ուրեմն դու կդառնաս ակնաբույժ։ Լիլիա ջան իսկ քեզ որն է դուր գալիս։ Ձեր ատամները։ Ուրեմն դու կդառնաս ատամնաբույժ։ Անդրանիկ իսկ քեզ։ Ոնց հասկացա ես կթվոր եմ դառնալու։",Հայկո,4,"Անդրանիկ, Էրիկ, Արփինե, Լիլիա,",Դպրոց,լուսավոր,հայերեն,TRUE,FALSE,FALSE
Էմմա Մելքոնյան,Kargin Haghordum sketch 222 (Hayko Mko),https://www.youtube.com/watch?v=L3dPl0iBJ3g&list=PLDDuEZQEC_uDcYhabzxMCFCs3vGGSGVX4&index=23&t=0s,Խանութին պարտք է մնում,"Երեխաներ այսօր ավարտվեց մեր մաթեմատիկայի դասը, հաջողություն։ Իսկ դու Միասնիկ ջան արի մի փոքր զրուցենք։ Քանի որ դուք նոր եք տեղափոխվել մեր բակ այդ պատճառով դու հետ ես մնացել դասերից։ Հիմա մենք կպարապենք որպեսզի դու հասնես քո դասարանցիների մակարդակին։ Հիմա բերեմ մի կենցաղային խնդիր։ Ասենք դու գնացել ես խանութ ապրանք ես գնել և խանութին պարտ ես մնացել 20 դոլլար, մայրիկը 1000 դոլլար, քույրիկը 500 դոլլար, հայրիկը 250000 դոլլար։ Իսկ հիմա հարց՝ ինչ գումար է հարկավոր ձեր ընտանիքին որպեսզի պարտքերը մարեք։ Չգիտեմ։ Լավ մտածիր Միասնիկ։ Չգիտեմ։ Ինչու՞։ Որովհետև որ մենք այդքան պարտք ենք ունենում տնից փախնում ենք  ",Մկո,2,Միասնիկ,Դպրոց,լուսավոր,հայերեն,TRUE,FALSE,FALSE
Էմմա Մելքոնյան,Kargin Haghordum sketch 223 (Hayko Mko),https://www.youtube.com/watch?v=zSpHDA3CpKw&list=PLDDuEZQEC_uDcYhabzxMCFCs3vGGSGVX4&index=24&t=0s,իմ հայրիկը աշխատում է,"Երեխաներ այսօր առանց գրքի դաս կանենք, հիմա մենք մի խաղ կխաղանք։ Նայեք ես օրկան մը ասում եմ։ Օրինակ իմ հայրիկը աշխատում է մատուցող, Մ ա տ ու ց ո ղ, եթե նա այստեղ լիներ կբերեր մեզ հանքային ջուր։ Հիմա դու Աննա ջան։ Իմ հայրիկը աշխատում է բանկում, Բ ա ն կ ու մ , եթե նա այստեղ լիներ կբերեր մեզ փայլուն կոպեկներ։ Ապրես Աննա ջան։ Հիմա դու Լիլիթ։ Իմ հայրիկը աշխատում է հացթուխ, Հ ա ց թ ու խ, եթե նա այստեղ լիներ կբերեր մեզ թխվածքաբլիթներ։ Գագիկ ջան դու ասա։ Իմ հայրիկը աշխատում է անասնաբույժ։ Ա ն ա ս ն ա տ ու յ բ ու տ։ Լավ Գագիկ ջան նստիր քիչ անց նորից կփորձենք։ Միհրան ջան դու ասա։ Իմ հայրիկը աշխատում է Վիվարոյում։ Վ ի վ ա ր ո յ ու մ։ Եթե նա այստեղ լիներ 0։20 գործակցով կասեր որ Գագիկը անասնաբույժ բառը չի կարում ասի։",Հայկո,5,"Լիլիթ, Աննա, Գագիկ, Միհրան",Դպրոց,լուսավոր,հայերեն,TRUE,FALSE,FALSE
Karine1a,Kargin Haghordum sketch 241 (Hayko Mko),https://www.youtube.com/watch?v=h01gWxW9VsU&list=PLDDuEZQEC_uDcYhabzxMCFCs3vGGSGVX4&index=42&t=0s, ա  օրինական է բայց տրամաբանական չի; բ  տրամաբանական է   բայց օրինական չի; և գ ոչ օրինական է ոչ էլ տրամաբական,Մարտիրոսյան արի նստի պատրաստ ես հարցերիս  պատասխանելու; ճիշտն ասած ոչ; պատրաստ չես բայց դու գիտես որ չպատասխանես իմ հարցերին լիկվիդ կընկնես էնտեղ էլ կամիսյաա չար  լսի տո խելքդ գլուխդ հավաքի միշտ ասել ենք քո համար ընդառաջ ենք գնացել նշանակել ենք վաղը մյուս օր դու իրավաբան ես դառնալու դու մարդկանց պռոբլեմների միջից պետք է հանես; օրինակ ինձ հետաքրքիր է  դու պռոբլեմի մեջ ես հիմա ինձ ասա ոնց ես դուրս գալու; ես որպես ապագա իրավաբան առաջարկ ունեմ առաջարկը հետևյալնա ես ձեզ կտամ երեք մասնագիտական հարց եթե դուք չկարողանաք պատասխանել այդ հարցերին դուք ինձ հինգ եք նշանակում եթե պատասխանեցիք էլ ինձ լիկվիդ չեք ուղարկում ես միանգամից դուրս կգամ համալսարանից; հետաքրքիր առաջարկա ես միանգամից զաչոտնիկդ կվերցնեմ որ հարցերդ լուծեմ լսում եմ;  ուշադրություն հարցերը նկարագրեք ինձ իրավիճակ ա  օրինական է բայց տրամաբանական չի բ  տրամաբանական է բայց օրինական չի  և գ ոչ օրինական է և ոչ էլ տրամաբանական;  չգիտեմ ասա ինչնա ՝ հինգը դե ասա; իսկ այժմ ուշադրություն ճիշտ պատասխանը դուք 75 տարեկան մարդ եք և ամուսնացել եք 20 տարեկան աղջկա հետ դա օրինական է բայց տրամաբանական չի բնականաբար ձեր կինը ունի երիտասարդ սիրեկան դա օրինական չի բայց տրամաբանական է իսկ այն փաստը որ դուք հենց նոր այդ սիրեկանին 5 նշանակեցիք ոչ օրինականա ոչ էլ տրամաբանական ,"Հայկո, Մկո",,Մարտիրոսյան,Այլ(գրեք ավելացնենք),լուսավոր,հայերեն,TRUE,FALSE,FALSE
Karine1a,Kargin Haghordum sketch 242 (Hayko Mko),https://www.youtube.com/watch?v=fRBQxWaVbpc&list=PLDDuEZQEC_uDcYhabzxMCFCs3vGGSGVX4&index=43&t=0s,"Եթե դու ակվարիում ունես ուրեմն դու բնություն ես սիրում;  եթե դու բնությունն ես սիրում ուրեմն դու  գեղեցիկն ես սիրում; եթե դու գեղեցիկն ես սիրում  ուրեմն կանանց էլ կսիրես; եթե կանանց ես սիրում ուրեմն դու նոռմալ տղամարդ ես, այսինքն արվավոր չես; ձեր լեզվով ասած գոմիկ չես; որտեղից հասանք որտեղ այ էդ տրամաբանական շղթանա; ","ես քեզ 4֊րդ հարցն եմ տալիս դու չես պատասխանում դու ուսանող ես թե՞ դատարկություն  փիլիսոփայության ֆակուլտետի 4֊րդ կուրսի ուսանող ես քննության ես եկել թե ուր;  վերջին հնարավորությունն եմ քեզ տալիս ուրեմն   հարց եմ տալիս տրամաբանությունից;  ինչա նշանակում տրամաբանական շղթա չէէ էտ էլ չգիտե՞ս ամոթ չես անում մի տեղ կհարցնեն 4֊րդ կուրսի ուսանող ես բա ինչ գիտես քեզ խայտառակ կանես  հերիք չի մեզ խայտառակ կանես հասկանում ես դու։ լսի էս քեզ ասեմ գոնե իմացի էտ ինչա  ուրեմն տրամաբանական շղթա նշանակումա օրինակ տանը ակվարիում ունես ՝ հա  շատ լավա; եթե դու ակվարիում ունես ուրեմն դու բնություն ես սիրում;  եթե դու բնությունն ես սիրում ուրեմն դու  գեղեցիկն ես սիրում; եթե դու գեղեցիկն ես սիրում  ուրեմն կանանց էլ կսիրես; եթե կանանց ես սիրում ուրեմն դու նոռմալ տղամարդ ես, այսինքն արվավոր չես; ձեր լեզվով ասած գոմիկ չես; որտեղից հասանք որտեղ այ էդ տրամաբանական շղթանա; պարզա  այ հիմա տրամաբանորեն ես քեզ պիտի չնշանակեմ ու դու դուրս մնաս ինստիտուտից  բայց ստեղ ուրիշ տրամաբանություն էլ կա ես քեզ կնշանակեմ  ոգևորվես ու մյուս քննությանը  պատրաստված գաս եղավ; մերսի պարոն Մելիքսեթյան  գնա գնա։","Հայկո, Մկո",,Մելիքսեթյան,Այլ(գրեք ավելացնենք),լուսավոր,հայերեն,TRUE,FALSE,FALSE
Karine1a,Kargin Haghordum sketch 243 (Hayko Mko),https://www.youtube.com/watch?v=Ms5nwhVCWoI&list=PLDDuEZQEC_uDcYhabzxMCFCs3vGGSGVX4&index=44&t=0s,Ճիշտն ասած իմ դուրն էլ չեկավ;,"Ասեք լսում եմ; ես ճիշտն ասած անձնական  հարցերով էի ուզում մի քիչ զրուցենինք անձնական հարցերը 6֊ից հետո իսկ հիմա հաջողություն; դուք ինձ չեք ճանաչում բայց  ստիպված կլինեք ինձ լսել, որովհետև մինչև մենք չզրուցենք ես այստեղից չեմ հեռանա;  մինչև սկսելը ես կուզենայի շեշտել որ ես ժամանակակից մարդ եմ և սովոր եմ իմ խնդիրներները լուծել ցիվիլ մեթոդներով;  ես մի քանի հարց ունեմ ձեզ խնդրում եմ ասեք դուք անցած տարի միջերկրական ծովում ավելի կոնկրետ Իսպանիայում հանգստացե՞լ եք մի վայրկյան այո ու ի՞նչ; այդ ժամանակ Էլեոնորա անունով մի կնոջ հետ ծանոթացե՞լ եք ՝ հա; իսկ էդ կնոջ հետ ինտիմ հարաբերությունների մեջ եղե՞լ եք  այո ու՞; ես ձեզ ուզում եմ տեղեկացնել  ես Էլեոնորայի ամուսինն եմ և դա  ինձ դուր չի գալիս; գիտեք ճիշտն ասած իմ դորն  էլ չեկավ;","Հայկո, Մկո",,Ոչ մի,Այլ(գրեք ավելացնենք),լուսավոր,հայերեն,TRUE,FALSE,FALSE
Karine1a,Kargin Haghordum sketch 244 (Hayko Mko),https://www.youtube.com/watch?v=lAeG87Rui7M&list=PLDDuEZQEC_uDcYhabzxMCFCs3vGGSGVX4&index=45&t=0s,Էլի կխմես,այ անասուն էս ինչա վիճակդ հոգնել եմ արդեն հոգնել  եմ հասկանում ես  խայտառակ արեցիր մեր ամբողջ ընտանիքը;լավ ես ձևը գիտեմ քեզ ոնց դաստիրակեմ;  էլի կխմես էլի կխմես  կխմես չէէէ; կխմե կխմես կխմես չէէ;  էլի կխմես էլի կխմես;  լավ համոզիր լից;,"Հայկո, Մկո",,Ոչ մի,Տուն,լուսավոր,հայերեն,TRUE,FALSE,FALSE
Karine1a,Kargin Haghordum sketch 245 (Hayko Mko),https://www.youtube.com/watch?v=4ho-TLZy3xM&list=PLDDuEZQEC_uDcYhabzxMCFCs3vGGSGVX4&index=46&t=0s,ինձ պետք չի ախպեր ջան  ես քաչալ եմ,բարի օր ախպեր բարիլուս ես Գորիից եմ եկել 2 օրից պիտի հետ գնամ աա ես էլ Ղարաբաղից եմ եկել բայց երևի կմնամ; ուղղակի բանը ստեղ Երևանում պապայի հարսանիքնա ինձ էծ ասեցին որ էս այգում լավ վարսավիրանոց կա  կարողանա՞ իմանաս որտեղա; ա խոխա լավ հասկանում չես քեզ ասըմ եմ քաղաքից չեմ; բարի օր ախպեր; բարի օր ցավդ տանեմ; ինձ ասեցին որ էս այգում լավ վարսավիրանոց կա կարողա իմանաս որտեղա; չէ ախպերս չգիտեմ; ա երևի դու էլ էս քաղաքից չես որ չգիտես էս այգում վարսավիրանոցը որտեղա;  Երևանից եմ ախպեր ջան ամեն օր էլ ես այգի գնում գալիս եմ; հա բա ոնց չգիտես այգում վարսավիրանոցը որտեղա; ինձ պետք չի ախպեր ջան եա քաչալ եմ,"Հայկո, ...",,Ոչ մի ,Դուրս,լուսավոր,հայերեն,TRUE,FALSE,FALSE
Karine1a,Kargin Haghordum sketch 246 (Hayko Mko),https://www.youtube.com/watch?v=nGjL-1Me690&list=PLDDuEZQEC_uDcYhabzxMCFCs3vGGSGVX4&index=47&t=0s,Հինգը յաշիկ արաղ,Հլը մի րոպե էլի Գառ ջան գյուղացիք քեզ ոնց բացատրեցին; դե ասեցին որ առավոտ լուսը բացվումա էս բիձեմ իջնում գնումա մինչև ձորի վերջը  ու ընդե մինչև մութ նստումա; հաստատ ամենամեծնա էսի;  ոնց արխիվից եմ ճշտե 126 տարեկան մի հոգի կա Գորիսում 125 միատ է Վարդենիսում 110 տարեկան էսի ամենամեծնա 126 տարեկան; դե լավա  շատ լավա դե քել սենց իջնենք կարողա ընդե մի տեղ նստած ըլնի; Գար հլը մի վայրկյան հլը նայի էն չի; հա ոնց որ; կամեռան պատրաստա; հա արի; բարև պապի ջան ասում եմ բարև պապի; տղա ջան ինչի ես գոռում հասկացա որ եկել ես բարով ես եկել ասա ինչ ես ուզում; պապի ջան մենք հեռուստատեսությունից ենք  ռեպորտաժ ենք նկարում Հայաստանի ամենատարեց մարդու մասին տվյալներով դադու ես; հիմա մենք ուզում ենք պապի ջան որ դու  մեզ պատմես քո կյանքի ընթացքում կատարված ամենահետաքրքիր պատմությունը; հաա կա ըտնեց դեպք պատմեմ; հա պապի ջան դու միատ պատմի մենք լսենք որ դուրներս եկավ   արդեն կնկարենք; ուրեմն մի օր էս ընկերոջս  կնիկը անտառում կորել էր ամբողջ գյուղի տղամարդկանցով հավաքվեցինք  հինգը յաշիկ արաղ վերցրեցինք ու գնացինք անտառ ման գալու իրեք օր իրեք գիշեր ման եկանք վերջ գտանք էդ ընկերոջս կնոջը ուրախացանք էդ հինգ յաշիկ արաղը խմեցինք ամբողջ գյուղի տղամարդկանցով էդ ընկերոջս կնոջը  միատ էն բանից արեցինք ուրախ  զվարթ եկանք գյուղ էտա հետաքրքիր պատմությունը; պապի ջան հետաքրքիր պատմությունա բան չունեմ ասելու բայց մերը հեռուստատեսությունա մենք եթեր ենք տալիս երկուսից իրեք միլիոն մարդա մեզ նայում երեխեք կնանիք էս քո պատմությունը չենք կարա եթեր տանք կարողա մի ուրիշ հետաքրքիր պատմություն կա որ քո կյանքում քո հետ կատարվելա; հա կա ըտենց պատմություն էլ կա ուրեմն մի օր էս մեր գյուղի կովը անտառում կորել էր էլի ամբողջ գյուղի տղամրադկանցով հավաքվոցինք հինհը յաշիկ արաղ վերցրեցինք ու գնացինք կովին ման գալու էս իրեք օր իրեք գիշեր էլի ման եկանք ման եկանք գտանք էդ կովին ուրախացանք հինգը յաշիկ արաղը խմեցինք ամբողջ գյուղի տղամարդկանցով էդ կովին միատ էն բանից արեցինք ուրախ զվարթ եկանք տուն էդ էր երկրորդ հետաքրքիր պատմությունը;պապի էս քո հետաքրքիր պատմությունները աչքիս եթերի բան չի արի գիտես ինչ անենք արի թեման լրիվ փոխենք դու մեզ պատմի քո հետ կատարված ամենասարսափելի պատմությունը; կա միատ ըտենց սարսափելի պատոմություն ուրեմն մի օր ես էի կորել անտառում ամբողջ գյուղի տղամարդկանցով  հավաքվեցին 5 յաշիկ;   ,"Հայկո, Մկո",,"Գար, պապի",Բնության գիրկ,լուսավոր,հայերեն,TRUE,FALSE,FALSE
Սիրարփի Մկրտչյան,Kargin Haghordum sketch 261 (Hayko Mko),https://www.youtube.com/watch?v=rErcpknoD_4&list=PLDDuEZQEC_uDcYhabzxMCFCs3vGGSGVX4&index=62&t=0s,"Քուրիկ ջան հըլը էս դուռումը մի հատ հավեսով կեր։Բարի օր ապե,անունդ ինչա,Ծիգրան,ուրախ եմ ապեր իմն էլ Տիկո",,,,Ծիգրան,Այլ(գրեք ավելացնենք),լուսավոր,հայերեն,TRUE,FALSE,FALSE
Սիրարփի Մկրտչյան,Kargin Haghordum sketch 262 (Hayko Mko),https://www.youtube.com/watch?v=-jCLqYZVTFQ&list=PLDDuEZQEC_uDcYhabzxMCFCs3vGGSGVX4&index=63&t=0s,"ես...մտածումեյի...որ...էս ամեն ինչը շատ հեշտ կանցնի,բայց էս ամեն ինչը շատ դժվար ա։",,,Հայկո...,,Ռեստորան,լուսավոր,հայերեն,TRUE,FALSE,FALSE
Սիրարփի Մկրտչյան,Kargin Haghordum sketch 263 (Hayko Mko),https://www.youtube.com/watch?v=vDjc8pWoNnw&list=PLDDuEZQEC_uDcYhabzxMCFCs3vGGSGVX4&index=64&t=0s,ես Գուշակ Մանուշակի մոտ եմ էկե ճիշտ ա՞ ,"անցի նստի աղջիկ ջան։Եթե ուզում ես որ մեկին նավսեմեուղթ ու գիր անեմ ,մեկի ոտը 20սմ.ով կարճացնեմ միանգամից ասեմ որ ես դրանով չեմ զբաղվում",,"Հայկո, Մկո",Գուշակ Մանուշակ,Այլ(գրեք ավելացնենք),մութ,հայերեն,TRUE,FALSE,FALSE
Սիրարփի Մկրտչյան,Kargin Haghordum - Viselskiy (Hayko Mko),https://www.youtube.com/watch?v=KK74n_-aNMc&list=PLDDuEZQEC_uDcYhabzxMCFCs3vGGSGVX4&index=65&t=0s,"Չաղո ջան արի բախտդ բացեմ,կամ բռիտ մեջ նայեմ,արի ասեմ երբ ես նիհարելու,ինչից։Էսօր առևտուր չկա",,,Մկո,Գուշակ,Դուրս,լուսավոր,հայերեն,TRUE,FALSE,FALSE
Սիրարփի Մկրտչյան,Kargin Haghordum sketch 265 (Hayko Mko),https://www.youtube.com/watch?v=GYewdqQfAws&list=PLDDuEZQEC_uDcYhabzxMCFCs3vGGSGVX4&index=66&t=0s,"Լեյտենանտ Հարությունյան,դուք ","ու ձեր արագությունը գերազանցում է նորման,ու ալկո",..ըըը ալկոհոլ եք օգտա,Մկո,Լեյտենանտ,Դուրս,լուսավոր,հայերեն,TRUE,FALSE,FALSE
Սիրարփի Մկրտչյան,Kargin Haghordum sketch 266 (Hayko Mko),https://www.youtube.com/watch?v=82r9vHp8k0Y&list=PLDDuEZQEC_uDcYhabzxMCFCs3vGGSGVX4&index=67&t=0s,"Այ ախպեր էս ինչ ես անում,",Ինչ եմ անում որ։Արա հընգեի ջանվերևից ընենց արա,ինչ շումախր ցավտ տա,"Հայկո,Մկո","Ոստիկան,վարորդ",Դուրս,լուսավոր,հայերեն,TRUE,FALSE,FALSE
Սիրարփի Մկրտչյան,Kargin Haghordum - Hetapndum (Hayko Mko),https://www.youtube.com/watch?v=BCDNaGGDjAY&list=PLDDuEZQEC_uDcYhabzxMCFCs3vGGSGVX4&index=68&t=0s,Այ տղա կանգնի։Լեյտենանտ Սար,"Շեֆ ջան սխալ եմ արել,խախտում եմ արել,դրա համար","հըհըհը,ընդհագառագը,",Հայկո Մկո,Լեյտենանտ Սարիբեկ,Ավտոմեքենա,լուսավոր,հայերեն,TRUE,FALSE,FALSE
Սիրարփի Մկրտչյան,Kargin Haghordum sketch 268 (Hayko Mko),https://www.youtube.com/watch?v=UhyVa3nczbg&list=PLDDuEZQEC_uDcYhabzxMCFCs3vGGSGVX4&index=69&t=0s,Սերժանտ։Բարև ձեզ։ Մի հատ շատ,"Իմ հոգին անարատ է,իմ մոտ ամեն ինչ կարգին սարքին է",ինձ թվումա դա քեզ թվումա,Հայկո Մկո,Սերժանտ,Դուրս,լուսավոր,հայերեն,TRUE,FALSE,FALSE
Սիրարփի Մկրտչյան,Kargin Haghordum sketch 269 (Hayko Mko),https://www.youtube.com/watch?v=IsgF4_C3xjY&list=PLDDuEZQEC_uDcYhabzxMCFCs3vGGSGVX4&index=70&t=0s,"Լեյտենանտ Սկմոնյան,Խախտում եք կատարել",.Hello I am tourist.Վայ հորս արև.. I come to Armenia to my friends,.I am tourist,"Հայկո,Մկո","Տուրիստ, Լեյտենանտ",Դուրս,լուսավոր,հայերեն,TRUE,FALSE,FALSE
Սիրարփի Մկրտչյան,Kargin Haghordum sketch 270 (Hayko Mko),https://www.youtube.com/watch?v=KhxmtcSkGsY&list=PLDDuEZQEC_uDcYhabzxMCFCs3vGGSGVX4&index=71&t=0s,"Այ դեբիլ, քեզ քանի անգամ ասեմ ես ու կինս իրարից բաժանվել ենք,ինքը տեղափոխվելա ուրիշ տուն,ու վեց ամիսա չի",,,"Հայկո, Մկո",ոչ մի,Ննջարան,լուսավոր,հայերեն,TRUE,FALSE,FALSE
Սիրարփի Մկրտչյան,Kargin Haghordum sketch 271 (Hayko Mko),https://www.youtube.com/watch?v=bHv-5tqagpU&list=PLDDuEZQEC_uDcYhabzxMCFCs3vGGSGVX4&index=72&t=0s,Բժի՞շկ:Ինչա՞ պատահել:աչքիս ինչ որ շատ երկարեց,Աչքիս ինչ որ շատ երկարեց:-Հեսա վերջացնում եմ:-Պարզա:Բժիշկ ինչ կա էտք,,"Հայկո, Մկո","Բժիշկ,կին",Հիվանդանոց,լուսավոր,հայերեն,TRUE,FALSE,FALSE
Սիրարփի Մկրտչյան,Kargin Haghordum sketch 272 (Hayko Mko),https://www.youtube.com/watch?v=y1yeDFDTxy4&list=PLDDuEZQEC_uDcYhabzxMCFCs3vGGSGVX4&index=73&t=0s,Եվ այդ իջոցառումները կազմակերպվում են,"Պարոն նախարար,իսկ տանկերի հարցը ոնցա լուծվելու:",Պարոն նախարար Պարոն գեներալի աղջկան եմ սիրահարված,"Հայկո,Մկո","Նախարար,սերժանտ",Բանակ,լուսավոր,հայերեն,TRUE,FALSE,FALSE
Սիրարփի Մկրտչյան,Kargin Haghordum sketch 273 (Hayko Mko),https://www.youtube.com/watch?v=MBVthmBUQVg&list=PLDDuEZQEC_uDcYhabzxMCFCs3vGGSGVX4&index=74&t=0s,Բարի առավոտ որդյակս:-Բարև պապա ջան:Տղա ջան վեր կաց ես քո պապան չեմ;Սա ուղղակի եկեղեցական դիմելաձև է ,"աա,ես էլ պռոստը սաղ կյանք մանկատանն եմ ապրե,ոչ պապա եմ ունեցե,ոչ մամա",Ես ձեր կողքի գյուղի քահանան եմ,"Հայկո ,Մկո",Քահանա,Գյուղ,լուսավոր,հայերեն,TRUE,FALSE,FALSE
Սիրարփի Մկրտչյան,Kargin Haghordum sketch 274 (Hayko Mko),https://www.youtube.com/watch?v=28WMu33SaYY&list=PLDDuEZQEC_uDcYhabzxMCFCs3vGGSGVX4&index=75&t=0s,"Հը ազիզ,ո՞նց էր:Շատ լավ էր:Կարա՞մ արդեն սրբիչը հանեմ?-Հանի հանի","Ախպեր,լավ հասկացանք,ես սրա ամուսինն եմ,էտ իմ ամուսնական պարտականություննա",Բա դու հնչի՞,"Հայկո,Մկո",Ոչ մի,Ննջարան,լուսավոր,հայերեն,TRUE,FALSE,FALSE
lleennaa_16,Kargin Haghordum sketch 295 (Hayko Mko),https://www.youtube.com/watch?v=TLD0RhsCHrc&list=PLDDuEZQEC_uDcYhabzxMCFCs3vGGSGVX4&index=96&t=0s,,Կյանքս; հը հը հը էս ինչա ստեղ կատարվում; հը հրաշքներ,Հայկո Մկո Հասմիկ,3,"ամուսին, կին, սիրեկան",Տուն,լուսավոր,հայերեն,TRUE,FALSE,FALSE
lleennaa_16,Kargin Haghordum sketch 296 (Hayko Mko),https://www.youtube.com/watch?v=ja-t-8MEMKc&list=PLDDuEZQEC_uDcYhabzxMCFCs3vGGSGVX4&index=97&t=0s,,"Լսի էսօր գնացի բժշկի մոտ ասեց որ իմ լրիվ բուժման համար պետքա 20 օր հանգիստ ծովում 20 օր սարերում 20 օր երևի Ավստրալիա հիմա որից ենք սկսում; սկսում ենք նրանից որ վաղը գնում ենք ուրիշ բժշկի մոտ; մամ մամ արի հեքիաթ պատմի քնեմ; գնա մի բան պատմի թող քնի էլի; լսի ես էս մի ամիսա պատմում եմ ես կարամ հանգիստ գնամ համալսարան պատմական բաժինն ընդունվեմ առանց պարապելու լսի ինչ կլինի էսօր էլ դու գնա պատմի թող քնի; յա ազիզ ջան էս ոնց ես մեծացել հլը պարկի պապան քեզ հեքիաթ պատմի քնես ուրեմն լինումա չի լինում մի հատ դզող փչողա լինում էս դզող փչողը երկու հատ տղայա ունենում մի հատ դզող մի հատ փչող էս դզողին գործը դզումզա էն փչողին չի դզում; հն քնելա; հա մամ քնելա;
",Հայկո Հասմիկ երեխա,3,"ամուսին, կին, երեխա",Տուն,մութ,հայերեն,TRUE,FALSE,FALSE
lleennaa_16,Kargin Haghordum sketch 298 (Hayko Mko),https://www.youtube.com/watch?v=gX0BVfHJxe8&list=PLDDuEZQEC_uDcYhabzxMCFCs3vGGSGVX4&index=99&t=0s,,Չէ պարոն Հովսեփյան էատեղ չէ Մոսկվայում էի գործուղման մեջ էի էդ անշարժ գույքի հարցերով էլի գնացել էի պայմանագիրը կնքելու ամեն ինչ բարեհաջող ավարտվեց շատ լավ ընենց որ վաղը էդ թղթերով ձեզ մոտ կլինեմ լավ եղավ եղավ; կներեք մի վայրկյան ես մի 20 օր այստեղ չէի գործուղման մեջ էի դուք երևի իմ նոր քարտուղարուհին եք հա; այո; շատ հաճելիա կներեք ձեր անունը ինչա; Լիլիա; շատ հաճելիա Լիլիա դուք երբ եք ընդունվել մեր մոտ աշխատանքի; ամսի 4ից; ամսի 4ից հա փաստորեն հաջորդ շաբաթ ձեր աշխատավարձ ստանալու ժամանակնա արդեն; ըհմ; շատ լավ կներեք եթե գաղտնիք չի նախկին աշխատավայրում ինչքան էին ձեզ վճարում; 150 դոլար; 150 դոլար; ըհմ;  բայց ես հաճույքով ձեզ 300 դոլար կվճարեի; բայց ինձ ընդեղ հաճույքով 600 էին տալիս,Մկո Հասմիկ,2,"Լիլիա, տնօրեն",Գրասենյակ,լուսավոր,հայերեն,TRUE,FALSE,FALSE
lleennaa_16,Kargin Haghordum sketch 299,https://www.youtube.com/watch?v=fsW7XueiNLg&list=PLDDuEZQEC_uDcYhabzxMCFCs3vGGSGVX4&index=100&t=0s,,"դա դա Մյասնիկ Գեորգիչ ջան վաղը Իսպանիա եմ գնում տո չէ ինչ սիքսապատոլգների սիմպոզյում ընտանեկան հանգիստ դա չէ մենակով եմ թռնում բա ինչ եմ ասում ընտանեկան 
հանգիստ դե ես ընտանիքիցս հանգստանում եմ ը ը ը ը դե լավ մի 20-21 օրից կգամ կզանգեմ կպատմեմ ամեն ինչ լավ ընկեր ջան; ահա; կարելիա; ա Ռուդիկ ջան եկեք ազիզ ջան եկեք; 
բարև ձեզ ասել էիք 10 օրից գանք եկել ենք մեր գործից ինչ-որ նորություն կա; Ռուդիկ ջան Սոնչկա ջան կա նորություն բայց վախում եմ էդ նորությունը ձեզ էդքան էլ չուրախացնի 
փաստորեն այս վերջին մեթոդները որ մենք կիրառեցինք նորից ձախողվեց ինչ ա ստացվում որ մենք երեք չորս ամիս անընդհատ նավեշի մեթոդներ էինք փորձում նրա համար որպիսի դուք ունենաք ձեր սեփական երեխան ոչ մի մեթոդ իր նպատակին փաստացի չհասավ ցավում եմ; մի րոպե դա ինչա նշանակում որ երբեք երեխա չենք ունենալու; фактический, практический да չեք կարող; մեզ կներեք էտ դեպքում մենք գնանք հա; Ռուդիկ ջան ազիզ ջան минуточку կարող ես մնալ; Սոնա ջան սպասի; լսում եմ բժիշկ ջան; ուրեմն Ռուդիկ ջան լսի ստեղ ուղղակի կինիկդ ստեղ էր չուզեցի իրա մոտ ասեի մի հատ էլ մեթոդ կա որով դուք կարաք երեխա ունենաք էտ մեր պապերի ու տատերի մեթոդներիցա  ուրեմն դու ու կինիկդ որ մտնում եք ինտիմ հարաբերության մեջ դուք երկուսդ էլ գիտեք չէ դրա մասին գիտակցում եք հիմա էս մեթոդի իմաստը ինչա որ կինիկդ չպետքա իմանա որ դու իրա հետ ուզում ես ինտիմ հարաբերության մեջ մտնես էդ կինիկիդ դու պիտի հանկարծակիի բերես թաքուն գաս ինքը պիտի չիմանա ու հարցերը լուծես ստո պռացենտով աշխատող մեթոդա տեղում հղիանումա ես 20-21 օրով թռնում եմ Իսպանիա գալիս եմ մենք հանդիպում ենք տեսնեմ ձեր մոտ ինչ վիճակա հիշի հանկարծակիի ես բերում; ինչ ասեմ բժիշկ ջան կփորձեմ համենայն դեպս շնորհակալ եմ; դավայ Ռուսլան ջան; հա Մյասնիկ Գեորգի ջան երեկ եմ եկել Իսպանիաից ասեմ քեզ Իսպանիան իսպանյատ էր անում էսօր իրիկունը հավաքվում ենք չէ մեր տանը ընենց բաներ կպատմեմ մազերդ բիզբիզ կկայնի դե լավ дарагой լավ; Անդրեի Միսակվիչ կարելիա բարև ձեզ կներեք որ առանց զգուշացնելու եմ եկել սա իմ ու կնոջս կողմից ձեզ նվեր գիտեք մենք երեխաի ենք սպասում; ինչա ասում է էս ինչ լավ բան ասիր ազիզ ջան; ոնց որ ասեցիք Անդրեի Միսակվիչ ոնց որ հանկարծակիի բերեցի կնոջս և պատկերացնում եք ստացվեց մենք արդեն երեխաի ենք սպասում; մի րոպե մի րոպե ազիզ ջան հիմա ինձ մանրամասն պատմի թե էտ ոնց էղավ ինձ որպես բժիշկ շատ հետաքրքիրա;Անդրեի Միսակվիչ որ ճիշտը ասեմ ահագին ժամանակ չեր ստացվում որ ես կնոջս հանկարծակիի բերեմ բայց մի օր էս կինս կռացել էր սառնարանից բան էր հանում էդ պահին հետևից թաքուն մոտեցա ու ոնց որ դուք ասում էիք հանկարծակիի բերեցի; ես պատկերացնում եմ կինիկդ ոնց էր զարմացել; ինքը հլը մի կոմ դուք պիտի էտ սուպերմարկետում առևտուր անողների դեմքերը տենայիք ",Հայկո Մկո,3,"Անդրեի Միսակվիչ, Ռուդիկ, Սոնչկա",Հիվանդանոց,լուսավոր,հայերեն+ռուսերեն,TRUE,FALSE,FALSE
lleennaa_16,Kargin Haghordum sketch 300,https://www.youtube.com/watch?v=xQpgwwduLeI&list=PLDDuEZQEC_uDcYhabzxMCFCs3vGGSGVX4&index=101&t=0s,,Մտեք; կարելիա բժիշկ ջան; անցեք նստեք; լսում եմ ձեզ; բժիշկ ջան էս վերջերս տարօրինակ բաներա հետս կատարվում ամեն տեղս ցավումա որտեղ կպնում եմ ցավումա հեսա ախխ ախխ ախխ գլուխս էլ ախխ ինչից կլնի բժիշկ; որ մատով եք կպնում; ցուցամատով; տեսնեմ; ախխ; ըհն ամեն ինչ պարզ է ձեր ցուցամատը կոտրված է հանվեք; ինչ; ասում եմ հանվեք; ինչի հանվեմ; հանվեք հանվեք; հա բայց ընդամենը մատսա ջարդվել ինչի հանվեմ; է ախպեր ջան դու հլը խաբար չես ես վապշե էկել էի հեռախոսների գծերը ստուգեի,Հայկո Մկո Արմինե,3,"Բժիշկ, հիվանդ, ...",Հիվանդանոց,լուսավոր,հայերեն,TRUE,FALSE,FALSE
lleennaa_16,Kargin Haghordum sketch 301 (Hayko Mko),https://www.youtube.com/watch?v=qgUcDdWTOqE&list=PLDDuEZQEC_uDcYhabzxMCFCs3vGGSGVX4&index=102&t=0s,,"Բացեք տետրերը; գրեք; խնդիր; 2 ինտիլիգենտ միջին տարիքի կրթված կին որոշում են հետաքրքիր կերպով անցկացնել իրենց երեկոն նրանք գնում են խանութ և գնում են 1 շիշ շամպայն 1 շիշ մարտինի 1 շիշ ... և 2 շիշ օղի; Ընկեր Սերոբյան իսկ հարցը որն է, հարցը; հարցը էնա որ թե էտքանից հետո էլ ինչներին էր պետք խմել  ևս 2 շիշ գարեջուր",Հայկո երեխա,1,Ընկեր Սերոբյան,Դպրոց,լուսավոր,հայերեն,TRUE,FALSE,FALSE
lleennaa_16,Kargin Haghordum sketch 302 (Hayko Mko),https://www.youtube.com/watch?v=Pp2eMnH6Zd8&list=PLDDuEZQEC_uDcYhabzxMCFCs3vGGSGVX4&index=103&t=0s,,"Ջահելներ ջան ձեր պապը, սկեսրայրն ու հերը մեռնում են, հա լավ էս ինչ ես ասում այ հեր; հա լավ էլ մի երկարացրեք տոչնի բան եմ ասում մի կես ժամ ժանանակա մնացել, ձեզ էլ հավաքել եմ որ ձեզ կարևոր բան ունեմ ասելու էրեխեք ջան դուք գիտեք որ ես շատ թարախ, շատ կեղտոտ մարդ եմ եղել ուրիշների համար բայց չգիտեք որ իմ հարազատների հանդեպ էլ եմ տենց եղել հիմա ուզում եմ գոնե մեղքերս խոստովանեմ որ դժողք գնալուց գոնե իմանամ դուք իմ  հետևից ինձ չեք անիծում; պապի ջան էս ինչ ես ասում; սպասի թոռնիկ ջան հեսա կասեմ կիմանաս ինչ ես ասում սկսենք քեզանից հիշում ես որ ծառայում էիր մի անգամ սամավոլկա փախար պապուդ ծնունդի  խաթր եկար ծնունդիս օրով մի հատ լավ քեֆ արեցինք; հա ոնց չեմ հիշում; հետո էլ մյուս առավոտ վայենի պալիցիան եկավ հետևիցդ տարան քեզ գուբախտ նստցրին 6 ամիս ընդե տանջվար; հա; ախր էտ վայենի պալիցիային ես էի զանգել թոռնիկ ջան ասել էի որ սամավոլկա ես փախել; էս ինչ ես ասում պապի; բա այ տենց կեղտոտ պապի ունես; հարս ջան սկեսրայդ քեզ չի մոռացել չմտածես; քո հանդեպ էլ ըտենց ոչինչոտ թարախություններ եմ արել հիշում ես ռոստրոմ որ աշխատում էիր հաշվապահ որպես; հա հիշում եմ; ինձ էլ գրանցել էիր ընդեղ մթոմ աշխատում եմ որ աշխատավարձ ստանամ որ թոշակս շատ լինի; հիշում եմ; հետո էլ քեզ հենց դրա պատճառով գործից հանեցին; այ էտ տնօրենին ես էի զանգել զգուշացրել որ ըտենց պահ կա ու ես տանը նստած ոչ աշխատում եմ ոչ բան եմ անում բայց պետությունից հենց ըննենց տեղը աշխատավարձ  եմ ստանում ընենց որ ընենց ոչինչ կեղտոտ թարախ սկեսրայր էլ դու ունես բալես; տղա ջան  էն 7 տարիներին որ նստար կյանքդ կոտրվավ; հա; այ էս տղենա կազմակերպել ընդամենը մի զանգով; բայց ոնց այ հեր; հա հա որ իմ համար որ  հիվանդ սատկում էի գնացիր դեղը գողացար քո ապտեկայից որդե որ աշխատում էիր էդ էլա իմ մեղքը ես եմ զանգել իմաց տվել թե չէ էդ խեղճ հարիֆները որտեղից պիտի իմանային որ դու դեղ ես ըտից տարել; այ ըտենց այ ըտենց կեղտոտ հեր ունես բալես; հիմա երեխեք ջան ինչի համար եմ ձեզ էս ամեն ինչը ասում; ուզում եմ որ ինձ ներեք չգիտեմ կարաք չեք կարա բայց  խնդրանքս էնա որ ներեք ինձ դուք իմ հարազատն եք խնդրում եմ ներեք; ներում ենք հա ներում ենք; չէ չէ երեխեք ջան ըտենց ներելը ինձ պետք չի իսկական ներելը սենցա լինում ես որ մեռնեմ արդուկները միացրեք լավ շիկացրեք ու դրեք մարմինս վառեք որ հոտը ընկնի սաղ տնով մեկ այ էդ ժամանակ ջղայնություններդ կթափեք ու իսկականից կներեք ինձ; տղա ջան պիտի խոսք տաս որ հենց ըտենց էլ կանեք; հարց չկա պապ ջան կանենք; դե ուրեմն;  մարդա մի հատ հարդուկ ճարեք; այ էս ինչ հոտա գալիս; հլը տես ովա; լեյտենանտ Սարգսյան սա Մարտիրոսյանների բնակարանն է; հա բայց ինչա ըլե որ; մեկ ժամ առաջ բնակիչներից մեկից ահազանգ ենք ստացել որ այստեղ հարդուկներով դիակ են վառում; ",Հայկո Մկո Անդո Արմինե Աշոտ ,5,"Ոստիկան, հայր, հարս, թոռ, պապիկ",Տուն,այլ,հայերեն,TRUE,FALSE,FALSE